patient_id,age_bands_present,hash_record_id,hash_ecg_id,hash_age_band,min_ecg_id_record_id,min_ecg_id_ecg_id,min_ecg_id_age_band,max_ecg_id_record_id,max_ecg_id_ecg_id,max_ecg_id_age_band
10173,40-59|60-74,HR19278,19278,60-74,HR18626,18626,40-59,HR19278,19278,60-74
10375,40-59|60-74,HR04623,4623,40-59,HR04623,4623,40-59,HR09975,9975,60-74
10409,40-59|60-74,HR03088,3088,60-74,HR01485,1485,40-59,HR03088,3088,60-74
11293,60-74|75+,HR07530,7530,60-74,HR07080,7080,60-74,HR09174,9174,75+
11692,60-74|75+,HR07314,7314,75+,HR06705,6705,60-74,HR07314,7314,75+
11935,60-74|75+,HR13251,13251,60-74,HR13251,13251,60-74,HR13509,13509,75+
12690,60-74|75+,HR06291,6291,60-74,HR06291,6291,60-74,HR09297,9297,75+
12836,40-59|60-74,HR04006,4006,40-59,HR04006,4006,40-59,HR06137,6137,60-74
13061,<40|40-59,HR07544,7544,40-59,HR04890,4890,<40,HR07544,7544,40-59
13520,<40|40-59,HR04031,4031,<40,HR04031,4031,<40,HR08575,8575,40-59
13932,40-59|60-74,HR14188,14188,40-59,HR14188,14188,40-59,HR19005,19005,60-74
13935,60-74|75+,HR03352,3352,75+,HR02372,2372,60-74,HR03352,3352,75+
13965,40-59|60-74,HR13301,13301,60-74,HR08140,8140,40-59,HR13301,13301,60-74
14180,60-74|75+,HR20085,20085,60-74,HR20085,20085,60-74,HR21071,21071,75+
14717,40-59|60-74,HR04233,4233,40-59,HR04228,4228,40-59,HR08233,8233,60-74
15398,<40|40-59,HR08213,8213,40-59,HR07762,7762,<40,HR08213,8213,40-59
15753,<40|40-59,HR02630,2630,<40,HR02630,2630,<40,HR05263,5263,40-59
16217,60-74|75+,HR11948,11948,60-74,HR11940,11940,60-74,HR17416,17416,75+
16648,60-74|75+,HR02512,2512,60-74,HR02512,2512,60-74,HR06531,6531,75+
17176,60-74|75+,HR11165,11165,75+,HR09925,9925,60-74,HR11165,11165,75+
17487,60-74|75+,HR12567,12567,60-74,HR12567,12567,60-74,HR17413,17413,75+
18069,60-74|75+,HR09746,9746,75+,HR09199,9199,60-74,HR09746,9746,75+
18168,60-74|75+,HR04926,4926,60-74,HR04926,4926,60-74,HR09196,9196,75+
19246,40-59|60-74,HR14171,14171,60-74,HR12153,12153,40-59,HR14171,14171,60-74
19603,60-74|75+,HR09089,9089,75+,HR03017,3017,60-74,HR09089,9089,75+
20956,60-74|75+,HR02264,2264,60-74,HR01490,1490,60-74,HR04196,4196,75+
21651,<40|40-59,HR11805,11805,40-59,HR05269,5269,<40,HR11805,11805,40-59
21756,40-59|60-74,HR15261,15261,60-74,HR14848,14848,40-59,HR15261,15261,60-74
21766,60-74|75+,HR05245,5245,75+,HR02437,2437,60-74,HR05245,5245,75+
8298,<40|40-59,HR07775,7775,<40,HR07775,7775,<40,HR13540,13540,40-59
8341,<40|40-59,HR19991,19991,40-59,HR19945,19945,<40,HR19991,19991,40-59
8388,40-59|60-74,HR11899,11899,60-74,HR06902,6902,40-59,HR11899,11899,60-74
8671,40-59|60-74,HR07625,7625,60-74,HR06797,6797,40-59,HR07625,7625,60-74
9509,60-74|75+,HR16969,16969,60-74,HR16749,16749,60-74,HR18905,18905,75+
9699,<40|40-59,HR13782,13782,40-59,HR06286,6286,<40,HR13782,13782,40-59
9768,40-59|60-74,HR18864,18864,60-74,HR16128,16128,40-59,HR18864,18864,60-74
