condition_id,dataset_id,bank_id,encoder_id,projection_dim,pair_id,domain_a,domain_b,selection_rank,eligible_pair_count,selected_pair_count,n_shared_classes,t2_distance,t2_empirical_percentile,m3_distance,optimal_tau_set_original,optimal_tau_set_counterfactual,optimal_sets_disjoint,deterministic_pair_minimax_regret,randomized_pair_minimax_regret,curve_linf_shift,best_bacc_original,best_bacc_counterfactual,gamma_bootstrap_ci95_low,gamma_bootstrap_ci95_high,robust_decision_critical,m3_upload_ratio_vs_t2,no_group_leakage
camelyon17__resnet18_imagenet1k_v1__d128,camelyon17,camelyon17__resnet18_imagenet1k_v1,resnet18_imagenet1k_v1,128,camelyon17__0000__0003,0,3,1,10,2,2,0.9862864068589905,0.1,0.18575046695091857,[0.0],[1.0],True,0.01708450508516013,0.014718266718832654,0.20029064275181852,0.9093694842142758,0.9099828023642138,0.014772601347654258,0.019512031316740227,True,1.0019081693500298,True
camelyon17__resnet18_imagenet1k_v1__d128,camelyon17,camelyon17__resnet18_imagenet1k_v1,resnet18_imagenet1k_v1,128,camelyon17__0003__0004,3,4,2,10,2,2,1.4614083624355978,0.2,0.4607851416998616,[1.0],[0.2],True,0.0018873274042895405,0.0015996842297263793,0.13360012334098448,0.9099828023642138,0.7876749996106794,0.0,0.005468116280912165,False,1.0019081693500298,True
camelyon17__resnet18_imagenet1k_v1__d64,camelyon17,camelyon17__resnet18_imagenet1k_v1,resnet18_imagenet1k_v1,64,camelyon17__0000__0003,0,3,1,10,2,2,0.7405685808377079,0.1,0.2984380479790531,[0.0],[0.6],True,0.010216048661678134,0.007651259800251385,0.15125119996015912,0.8964727531956587,0.906480010236882,0.008725717611498618,0.011282317796723354,True,1.0074592074592075,True
camelyon17__resnet18_imagenet1k_v1__d64,camelyon17,camelyon17__resnet18_imagenet1k_v1,resnet18_imagenet1k_v1,64,camelyon17__0003__0004,3,4,2,10,2,2,1.1522031943566828,0.2,0.47176584899436397,[0.6],[0.4],True,0.0009763664094362134,0.0006063022971908804,0.1469076494853716,0.906480010236882,0.7818710822297021,0.0,0.0029756140432012908,False,1.0074592074592075,True
camelyon17__vit_b_16_imagenet1k_v1__d128,camelyon17,camelyon17__vit_b_16_imagenet1k_v1,vit_b_16_imagenet1k_v1,128,camelyon17__0000__0003,0,3,1,10,2,2,0.9628758076656069,0.1,0.2340574106872536,[0.0],[0.9],True,0.018741242793348212,0.013925883759863263,0.15538073111350548,0.9103817827624354,0.9059548557124715,0.01604473447431118,0.019881219294353828,True,1.0019081693500298,True
camelyon17__vit_b_16_imagenet1k_v1__d128,camelyon17,camelyon17__vit_b_16_imagenet1k_v1,vit_b_16_imagenet1k_v1,128,camelyon17__0000__0002,0,2,2,10,2,2,1.3662944499632304,0.2,0.3334289346894569,[0.0],[0.1],True,0.003496749853091119,0.001997709202604771,0.06543588606873951,0.9103817827624354,0.8618685589344306,0.0018407502473233362,0.004954241870395673,False,1.0019081693500298,True
camelyon17__vit_b_16_imagenet1k_v1__d64,camelyon17,camelyon17__vit_b_16_imagenet1k_v1,vit_b_16_imagenet1k_v1,64,camelyon17__0000__0003,0,3,1,10,2,2,0.7132511662703256,0.1,0.2553036999496873,[0.0],[0.9],True,0.016027964192817157,0.015402770792845239,0.14530520348623432,0.900504681290606,0.8974251792259902,0.0149156360595696,0.01732868770657203,True,1.0074592074592075,True
camelyon17__vit_b_16_imagenet1k_v1__d64,camelyon17,camelyon17__vit_b_16_imagenet1k_v1,vit_b_16_imagenet1k_v1,64,camelyon17__0002__0003,2,3,2,10,2,2,0.9873383945380151,0.2,0.35452186237198186,[0.1],[0.9],True,0.016027964192817157,0.013946376226167415,0.17914931093797049,0.8627687533514127,0.8974251792259902,0.014997422818483383,0.01730277210022082,True,1.0074592074592075,True
iwildcam__resnet18_imagenet1k_v1__d128,iwildcam,iwildcam__resnet18_imagenet1k_v1,resnet18_imagenet1k_v1,128,iwildcam__0081__0268,81,268,1,1281,10,3,2.6797459250834197,0.00078064012490242,0.7076029766806866,[0.0],"[0.5, 0.6]",True,0.0059880239520957446,0.003169572107765452,0.08608015689435355,0.9539802789802789,0.8738881460380211,0.0,0.011976047904191493,False,1.0019081693500298,True
iwildcam__resnet18_imagenet1k_v1__d128,iwildcam,iwildcam__resnet18_imagenet1k_v1,resnet18_imagenet1k_v1,128,iwildcam__0041__0157,41,157,2,1281,10,3,2.7109278499940905,0.00156128024980484,0.6905055364577848,[0.2],[0.9],True,0.011235955056179914,0.011023171155694724,0.12583421834808073,0.8709475390509872,0.9559771596979186,0.0,0.026149425287356313,False,1.0019081693500298,True
iwildcam__resnet18_imagenet1k_v1__d128,iwildcam,iwildcam__resnet18_imagenet1k_v1,resnet18_imagenet1k_v1,128,iwildcam__0041__0210,41,210,3,1281,10,3,2.7559502776412366,0.00234192037470726,0.5436424937019825,[0.2],[0.9],True,0.0035708001106091736,0.0034903937584869413,0.10261078527848644,0.8709475390509872,0.8846593651609288,0.0003553660270078085,0.010743331588516683,False,1.0019081693500298,True
iwildcam__resnet18_imagenet1k_v1__d128,iwildcam,iwildcam__resnet18_imagenet1k_v1,resnet18_imagenet1k_v1,128,iwildcam__0179__0306,179,306,4,1281,10,4,2.7568464018303205,0.00312256049960968,0.8175737263790731,[0.3],[0.0],True,0.03213663297316138,0.027760295102528924,0.2497773898988238,0.775378956942393,0.8414604391774138,0.020553451935920314,0.052303373868814826,True,1.0019081693500298,True
iwildcam__resnet18_imagenet1k_v1__d128,iwildcam,iwildcam__resnet18_imagenet1k_v1,resnet18_imagenet1k_v1,128,iwildcam__0191__0306,191,306,5,1281,10,4,2.8024814923624617,0.0039032006245121,0.8185967593074521,[0.6],[0.0],True,0.008932621432621413,0.006737948670451579,0.10837705934524944,0.9157344812910506,0.8414604391774138,0.0031160815535815818,0.029171760015876735,True,1.0019081693500298,True
iwildcam__resnet18_imagenet1k_v1__d128,iwildcam,iwildcam__resnet18_imagenet1k_v1,resnet18_imagenet1k_v1,128,iwildcam__0115__0299,115,299,6,1281,10,3,2.821113906558671,0.00468384074941452,0.7552005131521585,[0.1],[1.0],True,0.02467532467532485,0.02250263674039132,0.22570440694980132,0.7660484729386718,0.8862914862914865,0.0,0.064397546897547,False,1.0019081693500298,True
iwildcam__resnet18_imagenet1k_v1__d128,iwildcam,iwildcam__resnet18_imagenet1k_v1,resnet18_imagenet1k_v1,128,iwildcam__0150__0157,150,157,7,1281,10,3,2.82952838241935,0.00546448087431694,0.6585442340807427,[0.8],[0.9],True,0.0037453183520600453,0.003129890453834204,0.21190296778802953,0.8238095238095239,0.9559771596979186,0.0,0.01609412414809346,False,1.0019081693500298,True
iwildcam__resnet18_imagenet1k_v1__d128,iwildcam,iwildcam__resnet18_imagenet1k_v1,resnet18_imagenet1k_v1,128,iwildcam__0157__0210,157,210,8,1281,10,3,2.838324235230058,0.00624512099921936,0.6507351491979031,[0.9],[0.9],False,0.0,0.0,0.07131779453698983,0.9559771596979186,0.8846593651609288,0.0,0.007586430462318338,False,1.0019081693500298,True
iwildcam__resnet18_imagenet1k_v1__d128,iwildcam,iwildcam__resnet18_imagenet1k_v1,resnet18_imagenet1k_v1,128,iwildcam__0147__0208,147,208,9,1281,10,4,2.8495033638939278,0.00702576112412178,0.599496546623306,[0.6],[0.5],True,0.005434120335110482,0.0033833507854855835,0.11811526030199493,0.9033083907938304,0.8414426269333549,0.0,0.015786222737181693,False,1.0019081693500298,True
iwildcam__resnet18_imagenet1k_v1__d128,iwildcam,iwildcam__resnet18_imagenet1k_v1,resnet18_imagenet1k_v1,128,iwildcam__0047__0157,47,157,10,1281,10,3,2.881902263765627,0.0078064012490242,0.6640208983772512,"[0.5, 0.6]",[0.9],True,0.011235955056179914,0.007665145121006053,0.07148976547006525,0.9549004787100026,0.9559771596979186,0.0,0.018726591760299675,False,1.0019081693500298,True
iwildcam__resnet18_imagenet1k_v1__d64,iwildcam,iwildcam__resnet18_imagenet1k_v1,resnet18_imagenet1k_v1,64,iwildcam__0081__0268,81,268,1,1281,10,3,1.9148251482061387,0.00078064012490242,0.528654421354046,"[0.3, 0.4, 0.5, 0.6, 0.9]",[0.9],False,0.0,0.0,0.09201374146871522,0.9531986531986533,0.867172935682034,0.0,0.014680105807801972,False,1.0074592074592075,True
iwildcam__resnet18_imagenet1k_v1__d64,iwildcam,iwildcam__resnet18_imagenet1k_v1,resnet18_imagenet1k_v1,64,iwildcam__0041__0210,41,210,2,1281,10,3,1.9283052258585165,0.00156128024980484,0.6484678163363402,[0.4],[1.0],True,0.0040848526201542334,0.0034178898945383816,0.048794069768042236,0.9141909814323608,0.8737277567706948,0.00021285526645904723,0.00849273694056767,False,1.0074592074592075,True
iwildcam__resnet18_imagenet1k_v1__d64,iwildcam,iwildcam__resnet18_imagenet1k_v1,resnet18_imagenet1k_v1,64,iwildcam__0115__0299,115,299,3,1281,10,3,1.9433513954584143,0.00234192037470726,0.7632302575125532,"[0.1, 0.2]",[1.0],True,0.031024531024530955,0.018273799566890077,0.21365534490073923,0.6674445263244083,0.8464646464646465,0.0,0.07707196052535022,False,1.0074592074592075,True
iwildcam__resnet18_imagenet1k_v1__d64,iwildcam,iwildcam__resnet18_imagenet1k_v1,resnet18_imagenet1k_v1,64,iwildcam__0150__0157,150,157,4,1281,10,3,1.959217268466735,0.00312256049960968,0.8300579101610136,"[0.1, 0.2, 0.3]",[0.1],False,0.0,0.0,0.17422276869688935,0.7761904761904762,0.9150856511328053,0.0,0.022471910112359387,False,1.0074592074592075,True
iwildcam__resnet18_imagenet1k_v1__d64,iwildcam,iwildcam__resnet18_imagenet1k_v1,resnet18_imagenet1k_v1,64,iwildcam__0179__0306,179,306,5,1281,10,4,1.9742669674549542,0.0039032006245121,0.6232148260593001,[0.4],[1.0],True,0.04008655745323564,0.032706678976128646,0.245168099348539,0.7194308993124097,0.8378157959283787,0.02249911967744776,0.059498446032299326,True,1.0074592074592075,True
iwildcam__resnet18_imagenet1k_v1__d64,iwildcam,iwildcam__resnet18_imagenet1k_v1,resnet18_imagenet1k_v1,64,iwildcam__0041__0157,41,157,6,1281,10,3,1.9997943794912947,0.00468384074941452,0.7234101790639252,[0.4],[0.1],True,0.004166666666666763,0.003712365890782272,0.11386462467184777,0.9141909814323608,0.9150856511328053,0.0,0.02656905650851791,False,1.0074592074592075,True
iwildcam__resnet18_imagenet1k_v1__d64,iwildcam,iwildcam__resnet18_imagenet1k_v1,resnet18_imagenet1k_v1,64,iwildcam__0191__0208,191,208,7,1281,10,3,2.0248823215043696,0.00546448087431694,0.4974991506401226,[0.3],[0.7],True,0.0060058844170919334,0.005749429803450583,0.3765131039748417,0.8061472311472312,0.9276459632358897,0.0,0.021742651226820064,False,1.0074592074592075,True
iwildcam__resnet18_imagenet1k_v1__d64,iwildcam,iwildcam__resnet18_imagenet1k_v1,resnet18_imagenet1k_v1,64,iwildcam__0157__0210,157,210,8,1281,10,3,2.0249717126492484,0.00624512099921936,0.749492640215475,[0.1],[1.0],True,0.006302436442752968,0.005624947387199012,0.16265869443989,0.9150856511328053,0.8737277567706948,0.00016396282491503157,0.011458889027715895,False,1.0074592074592075,True
iwildcam__resnet18_imagenet1k_v1__d64,iwildcam,iwildcam__resnet18_imagenet1k_v1,resnet18_imagenet1k_v1,64,iwildcam__0191__0306,191,306,9,1281,10,4,2.029433532068895,0.00702576112412178,0.6011916076280708,[0.6],[1.0],True,0.022136956306664457,0.014261399223628424,0.09666051189088476,0.8943897503660279,0.8378157959283787,0.008025412488231834,0.033259947662319884,True,1.0074592074592075,True
iwildcam__resnet18_imagenet1k_v1__d64,iwildcam,iwildcam__resnet18_imagenet1k_v1,resnet18_imagenet1k_v1,64,iwildcam__0147__0208,147,208,10,1281,10,4,2.0427229889272707,0.0078064012490242,0.6664450297750015,[0.5],[0.8],True,0.0032188841201716833,0.003133033510604966,0.08137456870260829,0.8215105017289059,0.8376078584860673,0.0,0.012795695859178648,False,1.0074592074592075,True
iwildcam__vit_b_16_imagenet1k_v1__d128,iwildcam,iwildcam__vit_b_16_imagenet1k_v1,vit_b_16_imagenet1k_v1,128,iwildcam__0191__0306,191,306,1,1281,10,4,2.504058644527843,0.00078064012490242,0.7918543472007062,[0.3],"[0.4, 0.5]",True,0.010963192213192197,0.007197445704269446,0.1533552059448534,0.8848254958200215,0.7954426629487625,0.0057057713206867255,0.02514900870854316,True,1.0019081693500298,True
iwildcam__vit_b_16_imagenet1k_v1__d128,iwildcam,iwildcam__vit_b_16_imagenet1k_v1,vit_b_16_imagenet1k_v1,128,iwildcam__0179__0306,179,306,2,1281,10,4,2.579192288662126,0.00156128024980484,0.7788849462958509,[0.2],"[0.4, 0.5]",True,0.01569071685837098,0.008730410268865502,0.15708136820215868,0.7314244762548946,0.7954426629487625,0.002093286131659625,0.033333333333333326,False,1.0019081693500298,True
iwildcam__vit_b_16_imagenet1k_v1__d128,iwildcam,iwildcam__vit_b_16_imagenet1k_v1,vit_b_16_imagenet1k_v1,128,iwildcam__0147__0208,147,208,3,1281,10,4,2.6769789540607163,0.00234192037470726,0.5520562901361757,[0.3],[0.5],True,0.0036404771698889116,0.0029255721303546017,0.07447271463220884,0.8140164582069066,0.8128595015083799,0.0,0.01352867687786876,False,1.0019081693500298,True
iwildcam__vit_b_16_imagenet1k_v1__d128,iwildcam,iwildcam__vit_b_16_imagenet1k_v1,vit_b_16_imagenet1k_v1,128,iwildcam__0208__0283,208,283,4,1281,10,4,2.719798069293896,0.00312256049960968,0.717019993954118,[0.3],[0.2],True,0.0014231499051233776,0.0009202453987730174,0.09465666171726039,0.9417754431729322,0.8497229481223384,0.0,0.006592987804878048,False,1.0019081693500298,True
iwildcam__vit_b_16_imagenet1k_v1__d128,iwildcam,iwildcam__vit_b_16_imagenet1k_v1,vit_b_16_imagenet1k_v1,128,iwildcam__0115__0299,115,299,5,1281,10,3,2.761113395810561,0.0039032006245121,0.6151263459574321,[0.9],"[0.3, 0.4]",True,0.004401154401154295,0.003990269066843122,0.15048038017824306,0.7439204126750184,0.8238816738816738,0.0,0.042502516213828015,False,1.0019081693500298,True
iwildcam__vit_b_16_imagenet1k_v1__d128,iwildcam,iwildcam__vit_b_16_imagenet1k_v1,vit_b_16_imagenet1k_v1,128,iwildcam__0208__0306,208,306,6,1281,10,3,2.766810472172334,0.00468384074941452,0.8200628958878832,[0.4],[0.1],True,0.01841890774265975,0.01296647835701573,0.12029342305764557,0.9346633070694496,0.9088184036249564,0.006451208908484829,0.03179602039493708,True,1.0019081693500298,True
iwildcam__vit_b_16_imagenet1k_v1__d128,iwildcam,iwildcam__vit_b_16_imagenet1k_v1,vit_b_16_imagenet1k_v1,128,iwildcam__0022__0208,22,208,7,1281,10,4,2.8163981969959533,0.00546448087431694,0.9998547761008809,"[0.1, 0.2]",[0.1],False,0.0,0.0,0.18209799133626137,0.9757407407407407,0.8754529017937059,0.0,0.0015199161425576424,False,1.0019081693500298,True
iwildcam__vit_b_16_imagenet1k_v1__d128,iwildcam,iwildcam__vit_b_16_imagenet1k_v1,vit_b_16_imagenet1k_v1,128,iwildcam__0279__0306,279,306,8,1281,10,3,2.8912736958114205,0.00624512099921936,0.7391612820566678,"[0.9, 1.0]",[0.6],True,0.0043290043290042934,0.0030401943387638043,0.14169092905295988,0.8766594516594516,0.805224429727741,0.0,0.012987012987012991,False,1.0019081693500298,True
iwildcam__vit_b_16_imagenet1k_v1__d128,iwildcam,iwildcam__vit_b_16_imagenet1k_v1,vit_b_16_imagenet1k_v1,128,iwildcam__0047__0216,47,216,9,1281,10,3,2.901159065892364,0.00702576112412178,0.8088142920791938,"[0.0, 0.1]",[0.5],True,0.029042386185243352,0.0237595269710887,0.06129716844002564,0.902668759811617,0.8764753764753767,0.0,0.055860805860805884,False,1.0019081693500298,True
iwildcam__vit_b_16_imagenet1k_v1__d128,iwildcam,iwildcam__vit_b_16_imagenet1k_v1,vit_b_16_imagenet1k_v1,128,iwildcam__0004__0306,4,306,10,1281,10,3,2.9715589909206512,0.0078064012490242,0.7792653279331893,[0.4],[0.2],True,0.010244286840031425,0.006051437216338875,0.10343613143882102,0.8857368006304176,0.8377831997211572,0.0,0.01851851851851838,False,1.0019081693500298,True
iwildcam__vit_b_16_imagenet1k_v1__d64,iwildcam,iwildcam__vit_b_16_imagenet1k_v1,vit_b_16_imagenet1k_v1,64,iwildcam__0191__0306,191,306,1,1281,10,4,1.8621791234955976,0.00078064012490242,0.5485159152708874,[1.0],[0.2],True,0.01873410531479547,0.012176508507587813,0.12828055544042616,0.8395193371926949,0.7851319339555658,0.0,0.033498136110546514,False,1.0074592074592075,True
iwildcam__vit_b_16_imagenet1k_v1__d64,iwildcam,iwildcam__vit_b_16_imagenet1k_v1,vit_b_16_imagenet1k_v1,64,iwildcam__0147__0208,147,208,2,1281,10,4,1.903007240909298,0.00156128024980484,0.5574173112581146,[0.5],[0.7],True,0.029711132705302346,0.015557454236839578,0.08844924188677539,0.8219218448994221,0.7702373882854084,0.0006188118811881749,0.040827558011894714,False,1.0074592074592075,True
iwildcam__vit_b_16_imagenet1k_v1__d64,iwildcam,iwildcam__vit_b_16_imagenet1k_v1,vit_b_16_imagenet1k_v1,64,iwildcam__0179__0306,179,306,3,1281,10,4,1.9033489844740976,0.00234192037470726,0.5671950799032055,[0.3],[0.2],True,0.0009759498082955176,0.0009384248116918983,0.14627101874482928,0.724433395527825,0.7851319339555658,0.0,0.027357020448472172,False,1.0074592074592075,True
iwildcam__vit_b_16_imagenet1k_v1__d64,iwildcam,iwildcam__vit_b_16_imagenet1k_v1,vit_b_16_imagenet1k_v1,64,iwildcam__0115__0299,115,299,4,1281,10,3,1.9876901626661099,0.00312256049960968,0.6449471501142339,[0.0],[0.1],True,0.005649717514124242,0.0050188913325438025,0.1106971919425862,0.7362851060345533,0.7824675324675324,0.0,0.03753246753246762,False,1.0074592074592075,True
iwildcam__vit_b_16_imagenet1k_v1__d64,iwildcam,iwildcam__vit_b_16_imagenet1k_v1,vit_b_16_imagenet1k_v1,64,iwildcam__0208__0306,208,306,5,1281,10,3,2.0206174114124362,0.0039032006245121,0.6675385156645328,[0.4],[0.4],False,0.0,0.0,0.10621796932184246,0.9121643725655635,0.8180318345532706,0.0,0.023376321598698624,False,1.0074592074592075,True
iwildcam__vit_b_16_imagenet1k_v1__d64,iwildcam,iwildcam__vit_b_16_imagenet1k_v1,vit_b_16_imagenet1k_v1,64,iwildcam__0208__0283,208,283,6,1281,10,4,2.033934571404398,0.00468384074941452,0.6339366204173911,[0.4],[0.1],True,0.006468979868370139,0.005313967218260536,0.08427632336532631,0.9063455016463948,0.8285381581494387,0.0,0.02482463117883902,False,1.0074592074592075,True
iwildcam__vit_b_16_imagenet1k_v1__d64,iwildcam,iwildcam__vit_b_16_imagenet1k_v1,vit_b_16_imagenet1k_v1,64,iwildcam__0208__0219,208,219,7,1281,10,4,2.0527743531349953,0.00546448087431694,0.7575811481360717,[0.7],[0.8],True,0.002358490566037763,0.0019484077287771908,0.10485450796005003,0.7702373882854084,0.8123253745638641,0.0,0.00922196890853093,False,1.0074592074592075,True
iwildcam__vit_b_16_imagenet1k_v1__d64,iwildcam,iwildcam__vit_b_16_imagenet1k_v1,vit_b_16_imagenet1k_v1,64,iwildcam__0279__0306,279,306,8,1281,10,3,2.0885404249362005,0.00624512099921936,0.8136667927116434,[1.0],[0.5],True,0.00014716703458428348,0.0001461139120580418,0.06389499430338275,0.8270923520923521,0.8185430463576159,0.0,0.024503311258278093,False,1.0074592074592075,True
iwildcam__vit_b_16_imagenet1k_v1__d64,iwildcam,iwildcam__vit_b_16_imagenet1k_v1,vit_b_16_imagenet1k_v1,64,iwildcam__0022__0208,22,208,9,1281,10,4,2.0919972859114275,0.00702576112412178,0.95994391731737,[0.4],[0.5],True,0.0030067234683823774,0.0023115720494099987,0.19330221532678105,0.953917144844375,0.8510588025025388,0.0,0.012063740709065783,False,1.0074592074592075,True
iwildcam__vit_b_16_imagenet1k_v1__d64,iwildcam,iwildcam__vit_b_16_imagenet1k_v1,vit_b_16_imagenet1k_v1,64,iwildcam__0047__0216,47,216,10,1281,10,3,2.109188858671619,0.0078064012490242,0.8438305690214029,"[0.1, 0.2, 0.3]","[0.5, 0.6, 0.7, 0.8]",True,0.02223966509680797,0.013838013838013844,0.14284260712832142,0.957352171637886,0.8654863654863655,0.0,0.10853174603174609,False,1.0074592074592075,True
rxrx1__resnet18_imagenet1k_v1__d128,rxrx1,rxrx1__resnet18_imagenet1k_v1,resnet18_imagenet1k_v1,128,rxrx1__0001__0002,1,2,1,6,2,64,3.1618781512752507,0.16666666666666666,0.8069284796069773,[0.0],[0.0],False,0.0,0.0,0.13235381155303028,0.20149739583333334,0.07877604166666666,0.0,0.008779444839015159,False,1.0019081693500298,True
rxrx1__resnet18_imagenet1k_v1__d128,rxrx1,rxrx1__resnet18_imagenet1k_v1,resnet18_imagenet1k_v1,128,rxrx1__0001__0003,1,3,2,6,2,64,5.839021952976574,0.3333333333333333,0.5755522680046791,[0.0],[0.8],True,0.00341796875,0.0032412225731302765,0.11403387263593381,0.16286199763593381,0.05224609375,0.0,0.01563720703124999,False,1.0019081693500298,True
rxrx1__resnet18_imagenet1k_v1__d64,rxrx1,rxrx1__resnet18_imagenet1k_v1,resnet18_imagenet1k_v1,64,rxrx1__0001__0002,1,2,1,6,2,64,2.3289256426044513,0.16666666666666666,0.8004425427362012,[0.0],[0.0],False,0.0,0.0,0.11587062026515152,0.18227687026515152,0.06640625,0.0,0.008952932646780319,False,1.0074592074592075,True
rxrx1__resnet18_imagenet1k_v1__d64,rxrx1,rxrx1__resnet18_imagenet1k_v1,resnet18_imagenet1k_v1,64,rxrx1__0001__0003,1,3,2,6,2,64,4.258926841897145,0.3333333333333333,0.5544673983453139,[0.0],[0.8],True,0.0078125,0.00685640248870694,0.08085237611982082,0.12870393861982082,0.05615234375,0.0,0.0185546875,False,1.0074592074592075,True
rxrx1__vit_b_16_imagenet1k_v1__d128,rxrx1,rxrx1__vit_b_16_imagenet1k_v1,vit_b_16_imagenet1k_v1,128,rxrx1__0001__0002,1,2,1,6,2,64,3.21117294420097,0.16666666666666666,0.7796317037033358,[0.1],[0.0],True,0.0035807291666666574,0.0027124561623246466,0.1233871922348485,0.17970229640151517,0.05989583333333333,0.0,0.012044270833333336,False,1.0019081693500298,True
rxrx1__vit_b_16_imagenet1k_v1__d128,rxrx1,rxrx1__vit_b_16_imagenet1k_v1,vit_b_16_imagenet1k_v1,128,rxrx1__0001__0003,1,3,2,6,2,64,5.9704623806994865,0.3333333333333333,0.52248509240527,[0.2],[0.9],True,0.00439453125,0.00413516567612944,0.11654988500451038,0.1467478658275787,0.03955078125,0.0,0.015625,False,1.0019081693500298,True
rxrx1__vit_b_16_imagenet1k_v1__d64,rxrx1,rxrx1__vit_b_16_imagenet1k_v1,vit_b_16_imagenet1k_v1,64,rxrx1__0001__0002,1,2,1,6,2,64,2.2900697488838637,0.16666666666666666,0.7534504562051908,[0.1],[0.1],False,0.0,0.0,0.10030480587121213,0.15206261837121213,0.0517578125,0.0,0.007167006983901518,False,1.0074592074592075,True
rxrx1__vit_b_16_imagenet1k_v1__d64,rxrx1,rxrx1__vit_b_16_imagenet1k_v1,vit_b_16_imagenet1k_v1,64,rxrx1__0001__0003,1,3,2,6,2,64,4.187430581887781,0.3333333333333333,0.4973976086408055,[0.1],[0.9],True,0.00341796875,0.0032419644853143516,0.09691565668937416,0.13353675043937416,0.041015625,0.0,0.01318359375,False,1.0074592074592075,True
