stage,gate_id,criterion,threshold_or_rule,hard_stop,scientific_interpretation_if_fail
X1,X1-G1,message equality,symbolic exact; float max_abs <= 1e-12,yes (implementation block),implementation invalid; no scientific decision
X1,X1-G2,optimal-set conflict,disjoint,yes (implementation block),implementation invalid; no scientific decision
X1,X1-G3,deterministic regret,2/3 ± 1e-12,yes (implementation block),implementation invalid; no scientific decision
X1,X1-G4,randomized regret,1/3 ± 1e-12,yes (implementation block),implementation invalid; no scientific decision
X2,X2-G1,action-relevant conditions,>= 6/8 with layer BACC spread >= 0.01,yes,CMR-D; action family not decision-relevant
X2,X2-G2,ResNet layer breadth,">= 2 distinct UNIQUE_BEST layers, winner margin >= 0.002",yes,CMR-D
X2,X2-G3,ViT layer breadth,">= 2 distinct UNIQUE_BEST blocks, winner margin >= 0.002",yes,CMR-D
X3,X3-G1,robust counterfactual conflict,>= 4/8 conditions,no,controlled breadth not established
X3,X3-G2,dataset breadth,>= 2 datasets,no,controlled breadth not established
X3,X3-G3,encoder breadth,both encoders represented,no,controlled breadth not established
X4,X4-G1,robust-pair fraction,>= 0.15,no,WILDS natural breadth fail
X4,X4-G2,cluster CI lower bound,>= 0.05,no,WILDS natural breadth fail
X4,X4-G3,qualifying conditions,>= 3/6,no,WILDS natural breadth fail
X4,X4-G4,dataset breadth,>= 2/3 datasets,no,WILDS natural breadth fail
X4,X4-G5,encoder breadth,both encoders represented,no,WILDS natural breadth fail
X5,X5-G1,pooled robust-pair fraction,>= 0.15,no,external breadth fail
X5,X5-G2,dataset breadth,PACS and OfficeHome each >=1 robust pair,no,external breadth fail
X5,X5-G3,encoder breadth,ResNet and ViT each >=1 robust pair,no,external breadth fail
