condition_id,dataset_id,encoder_id,projection_dim,objective_id,direction,tau,score,selected
cifar100__resnet18_imagenet1k_v1__d128,cifar100,resnet18_imagenet1k_v1,128,hard_competitor_expected_margin,maximize,0.0,6.402012261924602,False
cifar100__resnet18_imagenet1k_v1__d128,cifar100,resnet18_imagenet1k_v1,128,hard_competitor_expected_margin,maximize,0.1,7.851516277513941,False
cifar100__resnet18_imagenet1k_v1__d128,cifar100,resnet18_imagenet1k_v1,128,hard_competitor_expected_margin,maximize,0.2,8.67944306815577,False
cifar100__resnet18_imagenet1k_v1__d128,cifar100,resnet18_imagenet1k_v1,128,hard_competitor_expected_margin,maximize,0.3,9.395422194619382,False
cifar100__resnet18_imagenet1k_v1__d128,cifar100,resnet18_imagenet1k_v1,128,hard_competitor_expected_margin,maximize,0.4,10.132282906726392,False
cifar100__resnet18_imagenet1k_v1__d128,cifar100,resnet18_imagenet1k_v1,128,hard_competitor_expected_margin,maximize,0.5,10.971654670234578,False
cifar100__resnet18_imagenet1k_v1__d128,cifar100,resnet18_imagenet1k_v1,128,hard_competitor_expected_margin,maximize,0.6,11.989092953886836,False
cifar100__resnet18_imagenet1k_v1__d128,cifar100,resnet18_imagenet1k_v1,128,hard_competitor_expected_margin,maximize,0.7,13.27834313932928,False
cifar100__resnet18_imagenet1k_v1__d128,cifar100,resnet18_imagenet1k_v1,128,hard_competitor_expected_margin,maximize,0.8,14.998468462833092,False
cifar100__resnet18_imagenet1k_v1__d128,cifar100,resnet18_imagenet1k_v1,128,hard_competitor_expected_margin,maximize,0.9,17.442048099608098,False
cifar100__resnet18_imagenet1k_v1__d128,cifar100,resnet18_imagenet1k_v1,128,hard_competitor_expected_margin,maximize,1.0,21.17165451369535,True
cifar100__resnet18_imagenet1k_v1__d64,cifar100,resnet18_imagenet1k_v1,64,hard_competitor_expected_margin,maximize,0.0,3.6113173497982647,False
cifar100__resnet18_imagenet1k_v1__d64,cifar100,resnet18_imagenet1k_v1,64,hard_competitor_expected_margin,maximize,0.1,4.173115261671701,False
cifar100__resnet18_imagenet1k_v1__d64,cifar100,resnet18_imagenet1k_v1,64,hard_competitor_expected_margin,maximize,0.2,4.5330643344386505,False
cifar100__resnet18_imagenet1k_v1__d64,cifar100,resnet18_imagenet1k_v1,64,hard_competitor_expected_margin,maximize,0.3,4.839914422926883,False
cifar100__resnet18_imagenet1k_v1__d64,cifar100,resnet18_imagenet1k_v1,64,hard_competitor_expected_margin,maximize,0.4,5.147701741858965,False
cifar100__resnet18_imagenet1k_v1__d64,cifar100,resnet18_imagenet1k_v1,64,hard_competitor_expected_margin,maximize,0.5,5.483461813454675,False
cifar100__resnet18_imagenet1k_v1__d64,cifar100,resnet18_imagenet1k_v1,64,hard_competitor_expected_margin,maximize,0.6,5.868478015037351,False
cifar100__resnet18_imagenet1k_v1__d64,cifar100,resnet18_imagenet1k_v1,64,hard_competitor_expected_margin,maximize,0.7,6.32799022858799,False
cifar100__resnet18_imagenet1k_v1__d64,cifar100,resnet18_imagenet1k_v1,64,hard_competitor_expected_margin,maximize,0.8,6.899607027500507,False
cifar100__resnet18_imagenet1k_v1__d64,cifar100,resnet18_imagenet1k_v1,64,hard_competitor_expected_margin,maximize,0.9,7.635303021751488,False
cifar100__resnet18_imagenet1k_v1__d64,cifar100,resnet18_imagenet1k_v1,64,hard_competitor_expected_margin,maximize,1.0,8.55479169003446,True
cifar100__vit_b_16_imagenet1k_v1__d128,cifar100,vit_b_16_imagenet1k_v1,128,hard_competitor_expected_margin,maximize,0.0,13.007171718943074,False
cifar100__vit_b_16_imagenet1k_v1__d128,cifar100,vit_b_16_imagenet1k_v1,128,hard_competitor_expected_margin,maximize,0.1,14.181713973684364,False
cifar100__vit_b_16_imagenet1k_v1__d128,cifar100,vit_b_16_imagenet1k_v1,128,hard_competitor_expected_margin,maximize,0.2,14.88963331307316,False
cifar100__vit_b_16_imagenet1k_v1__d128,cifar100,vit_b_16_imagenet1k_v1,128,hard_competitor_expected_margin,maximize,0.3,15.62299974829238,False
cifar100__vit_b_16_imagenet1k_v1__d128,cifar100,vit_b_16_imagenet1k_v1,128,hard_competitor_expected_margin,maximize,0.4,16.481582337729783,False
cifar100__vit_b_16_imagenet1k_v1__d128,cifar100,vit_b_16_imagenet1k_v1,128,hard_competitor_expected_margin,maximize,0.5,17.531918108233622,False
cifar100__vit_b_16_imagenet1k_v1__d128,cifar100,vit_b_16_imagenet1k_v1,128,hard_competitor_expected_margin,maximize,0.6,18.854483041088237,False
cifar100__vit_b_16_imagenet1k_v1__d128,cifar100,vit_b_16_imagenet1k_v1,128,hard_competitor_expected_margin,maximize,0.7,20.578092898824433,False
cifar100__vit_b_16_imagenet1k_v1__d128,cifar100,vit_b_16_imagenet1k_v1,128,hard_competitor_expected_margin,maximize,0.8,22.919877993411795,False
cifar100__vit_b_16_imagenet1k_v1__d128,cifar100,vit_b_16_imagenet1k_v1,128,hard_competitor_expected_margin,maximize,0.9,26.308362121019687,False
cifar100__vit_b_16_imagenet1k_v1__d128,cifar100,vit_b_16_imagenet1k_v1,128,hard_competitor_expected_margin,maximize,1.0,31.624102374158024,True
cifar100__vit_b_16_imagenet1k_v1__d64,cifar100,vit_b_16_imagenet1k_v1,64,hard_competitor_expected_margin,maximize,0.0,6.510407031217129,False
cifar100__vit_b_16_imagenet1k_v1__d64,cifar100,vit_b_16_imagenet1k_v1,64,hard_competitor_expected_margin,maximize,0.1,7.0345076141723535,False
cifar100__vit_b_16_imagenet1k_v1__d64,cifar100,vit_b_16_imagenet1k_v1,64,hard_competitor_expected_margin,maximize,0.2,7.417218168850754,False
cifar100__vit_b_16_imagenet1k_v1__d64,cifar100,vit_b_16_imagenet1k_v1,64,hard_competitor_expected_margin,maximize,0.3,7.771148650620738,False
cifar100__vit_b_16_imagenet1k_v1__d64,cifar100,vit_b_16_imagenet1k_v1,64,hard_competitor_expected_margin,maximize,0.4,8.131492515185442,False
cifar100__vit_b_16_imagenet1k_v1__d64,cifar100,vit_b_16_imagenet1k_v1,64,hard_competitor_expected_margin,maximize,0.5,8.542152732293502,False
cifar100__vit_b_16_imagenet1k_v1__d64,cifar100,vit_b_16_imagenet1k_v1,64,hard_competitor_expected_margin,maximize,0.6,9.026369472272279,False
cifar100__vit_b_16_imagenet1k_v1__d64,cifar100,vit_b_16_imagenet1k_v1,64,hard_competitor_expected_margin,maximize,0.7,9.605402009561908,False
cifar100__vit_b_16_imagenet1k_v1__d64,cifar100,vit_b_16_imagenet1k_v1,64,hard_competitor_expected_margin,maximize,0.8,10.311667176995616,False
cifar100__vit_b_16_imagenet1k_v1__d64,cifar100,vit_b_16_imagenet1k_v1,64,hard_competitor_expected_margin,maximize,0.9,11.203614616472644,False
cifar100__vit_b_16_imagenet1k_v1__d64,cifar100,vit_b_16_imagenet1k_v1,64,hard_competitor_expected_margin,maximize,1.0,12.26645559800776,True
dermamnist__resnet18_imagenet1k_v1__d128,dermamnist,resnet18_imagenet1k_v1,128,hard_competitor_expected_margin,maximize,0.0,0.01590203282658515,False
dermamnist__resnet18_imagenet1k_v1__d128,dermamnist,resnet18_imagenet1k_v1,128,hard_competitor_expected_margin,maximize,0.1,1.349351171323027,False
dermamnist__resnet18_imagenet1k_v1__d128,dermamnist,resnet18_imagenet1k_v1,128,hard_competitor_expected_margin,maximize,0.2,1.8728542734104772,False
dermamnist__resnet18_imagenet1k_v1__d128,dermamnist,resnet18_imagenet1k_v1,128,hard_competitor_expected_margin,maximize,0.3,2.1785814781924726,False
dermamnist__resnet18_imagenet1k_v1__d128,dermamnist,resnet18_imagenet1k_v1,128,hard_competitor_expected_margin,maximize,0.4,2.3169168402345193,False
dermamnist__resnet18_imagenet1k_v1__d128,dermamnist,resnet18_imagenet1k_v1,128,hard_competitor_expected_margin,maximize,0.5,2.3273506838039313,True
dermamnist__resnet18_imagenet1k_v1__d128,dermamnist,resnet18_imagenet1k_v1,128,hard_competitor_expected_margin,maximize,0.6,2.172055436162979,False
dermamnist__resnet18_imagenet1k_v1__d128,dermamnist,resnet18_imagenet1k_v1,128,hard_competitor_expected_margin,maximize,0.7,1.7442720638844997,False
dermamnist__resnet18_imagenet1k_v1__d128,dermamnist,resnet18_imagenet1k_v1,128,hard_competitor_expected_margin,maximize,0.8,0.7912033270539465,False
dermamnist__resnet18_imagenet1k_v1__d128,dermamnist,resnet18_imagenet1k_v1,128,hard_competitor_expected_margin,maximize,0.9,-1.6265637068272376,False
dermamnist__resnet18_imagenet1k_v1__d128,dermamnist,resnet18_imagenet1k_v1,128,hard_competitor_expected_margin,maximize,1.0,-11.192996894312895,False
dermamnist__resnet18_imagenet1k_v1__d64,dermamnist,resnet18_imagenet1k_v1,64,hard_competitor_expected_margin,maximize,0.0,-0.5339321004309124,False
dermamnist__resnet18_imagenet1k_v1__d64,dermamnist,resnet18_imagenet1k_v1,64,hard_competitor_expected_margin,maximize,0.1,0.18184684180944444,False
dermamnist__resnet18_imagenet1k_v1__d64,dermamnist,resnet18_imagenet1k_v1,64,hard_competitor_expected_margin,maximize,0.2,0.5858571791663831,False
dermamnist__resnet18_imagenet1k_v1__d64,dermamnist,resnet18_imagenet1k_v1,64,hard_competitor_expected_margin,maximize,0.3,0.8331105879066055,False
dermamnist__resnet18_imagenet1k_v1__d64,dermamnist,resnet18_imagenet1k_v1,64,hard_competitor_expected_margin,maximize,0.4,1.0087610702312066,False
dermamnist__resnet18_imagenet1k_v1__d64,dermamnist,resnet18_imagenet1k_v1,64,hard_competitor_expected_margin,maximize,0.5,1.1313657168033822,False
dermamnist__resnet18_imagenet1k_v1__d64,dermamnist,resnet18_imagenet1k_v1,64,hard_competitor_expected_margin,maximize,0.6,1.1899537652019387,True
dermamnist__resnet18_imagenet1k_v1__d64,dermamnist,resnet18_imagenet1k_v1,64,hard_competitor_expected_margin,maximize,0.7,1.1490753345289346,False
dermamnist__resnet18_imagenet1k_v1__d64,dermamnist,resnet18_imagenet1k_v1,64,hard_competitor_expected_margin,maximize,0.8,0.9214499919927774,False
dermamnist__resnet18_imagenet1k_v1__d64,dermamnist,resnet18_imagenet1k_v1,64,hard_competitor_expected_margin,maximize,0.9,0.16195748175368838,False
dermamnist__resnet18_imagenet1k_v1__d64,dermamnist,resnet18_imagenet1k_v1,64,hard_competitor_expected_margin,maximize,1.0,-2.8893685007101535,False
dermamnist__vit_b_16_imagenet1k_v1__d128,dermamnist,vit_b_16_imagenet1k_v1,128,hard_competitor_expected_margin,maximize,0.0,0.7968014724474355,False
dermamnist__vit_b_16_imagenet1k_v1__d128,dermamnist,vit_b_16_imagenet1k_v1,128,hard_competitor_expected_margin,maximize,0.1,2.4770454524890626,False
dermamnist__vit_b_16_imagenet1k_v1__d128,dermamnist,vit_b_16_imagenet1k_v1,128,hard_competitor_expected_margin,maximize,0.2,3.355110824696311,False
dermamnist__vit_b_16_imagenet1k_v1__d128,dermamnist,vit_b_16_imagenet1k_v1,128,hard_competitor_expected_margin,maximize,0.3,3.9127749692544738,False
dermamnist__vit_b_16_imagenet1k_v1__d128,dermamnist,vit_b_16_imagenet1k_v1,128,hard_competitor_expected_margin,maximize,0.4,4.328214018966715,False
dermamnist__vit_b_16_imagenet1k_v1__d128,dermamnist,vit_b_16_imagenet1k_v1,128,hard_competitor_expected_margin,maximize,0.5,4.602859113550627,False
dermamnist__vit_b_16_imagenet1k_v1__d128,dermamnist,vit_b_16_imagenet1k_v1,128,hard_competitor_expected_margin,maximize,0.6,4.633585136007774,True
dermamnist__vit_b_16_imagenet1k_v1__d128,dermamnist,vit_b_16_imagenet1k_v1,128,hard_competitor_expected_margin,maximize,0.7,4.2311363040754,False
dermamnist__vit_b_16_imagenet1k_v1__d128,dermamnist,vit_b_16_imagenet1k_v1,128,hard_competitor_expected_margin,maximize,0.8,2.992118257890117,False
dermamnist__vit_b_16_imagenet1k_v1__d128,dermamnist,vit_b_16_imagenet1k_v1,128,hard_competitor_expected_margin,maximize,0.9,-0.47083214545707763,False
dermamnist__vit_b_16_imagenet1k_v1__d128,dermamnist,vit_b_16_imagenet1k_v1,128,hard_competitor_expected_margin,maximize,1.0,-14.641878409009642,False
dermamnist__vit_b_16_imagenet1k_v1__d64,dermamnist,vit_b_16_imagenet1k_v1,64,hard_competitor_expected_margin,maximize,0.0,0.07719616834603826,False
dermamnist__vit_b_16_imagenet1k_v1__d64,dermamnist,vit_b_16_imagenet1k_v1,64,hard_competitor_expected_margin,maximize,0.1,0.9272644995401187,False
dermamnist__vit_b_16_imagenet1k_v1__d64,dermamnist,vit_b_16_imagenet1k_v1,64,hard_competitor_expected_margin,maximize,0.2,1.4894066844113594,False
dermamnist__vit_b_16_imagenet1k_v1__d64,dermamnist,vit_b_16_imagenet1k_v1,64,hard_competitor_expected_margin,maximize,0.3,1.9044331683657991,False
dermamnist__vit_b_16_imagenet1k_v1__d64,dermamnist,vit_b_16_imagenet1k_v1,64,hard_competitor_expected_margin,maximize,0.4,2.2152316514185033,False
dermamnist__vit_b_16_imagenet1k_v1__d64,dermamnist,vit_b_16_imagenet1k_v1,64,hard_competitor_expected_margin,maximize,0.5,2.4358098952746197,False
dermamnist__vit_b_16_imagenet1k_v1__d64,dermamnist,vit_b_16_imagenet1k_v1,64,hard_competitor_expected_margin,maximize,0.6,2.570573372881702,True
dermamnist__vit_b_16_imagenet1k_v1__d64,dermamnist,vit_b_16_imagenet1k_v1,64,hard_competitor_expected_margin,maximize,0.7,2.558736696197246,False
dermamnist__vit_b_16_imagenet1k_v1__d64,dermamnist,vit_b_16_imagenet1k_v1,64,hard_competitor_expected_margin,maximize,0.8,2.278555854073438,False
dermamnist__vit_b_16_imagenet1k_v1__d64,dermamnist,vit_b_16_imagenet1k_v1,64,hard_competitor_expected_margin,maximize,0.9,1.311242674593263,False
dermamnist__vit_b_16_imagenet1k_v1__d64,dermamnist,vit_b_16_imagenet1k_v1,64,hard_competitor_expected_margin,maximize,1.0,-2.1648017291704287,False
eurosat__resnet18_imagenet1k_v1__d128,eurosat,resnet18_imagenet1k_v1,128,hard_competitor_expected_margin,maximize,0.0,12.817765710439819,False
eurosat__resnet18_imagenet1k_v1__d128,eurosat,resnet18_imagenet1k_v1,128,hard_competitor_expected_margin,maximize,0.1,15.294038814127974,False
eurosat__resnet18_imagenet1k_v1__d128,eurosat,resnet18_imagenet1k_v1,128,hard_competitor_expected_margin,maximize,0.2,17.29154370790024,False
eurosat__resnet18_imagenet1k_v1__d128,eurosat,resnet18_imagenet1k_v1,128,hard_competitor_expected_margin,maximize,0.3,19.114498509869236,False
eurosat__resnet18_imagenet1k_v1__d128,eurosat,resnet18_imagenet1k_v1,128,hard_competitor_expected_margin,maximize,0.4,20.866877331966375,False
eurosat__resnet18_imagenet1k_v1__d128,eurosat,resnet18_imagenet1k_v1,128,hard_competitor_expected_margin,maximize,0.5,22.629269839328238,False
eurosat__resnet18_imagenet1k_v1__d128,eurosat,resnet18_imagenet1k_v1,128,hard_competitor_expected_margin,maximize,0.6,24.57707973584464,False
eurosat__resnet18_imagenet1k_v1__d128,eurosat,resnet18_imagenet1k_v1,128,hard_competitor_expected_margin,maximize,0.7,26.878378388960748,False
eurosat__resnet18_imagenet1k_v1__d128,eurosat,resnet18_imagenet1k_v1,128,hard_competitor_expected_margin,maximize,0.8,29.789943832826886,False
eurosat__resnet18_imagenet1k_v1__d128,eurosat,resnet18_imagenet1k_v1,128,hard_competitor_expected_margin,maximize,0.9,33.40747191311389,False
eurosat__resnet18_imagenet1k_v1__d128,eurosat,resnet18_imagenet1k_v1,128,hard_competitor_expected_margin,maximize,1.0,39.281701320072855,True
eurosat__resnet18_imagenet1k_v1__d64,eurosat,resnet18_imagenet1k_v1,64,hard_competitor_expected_margin,maximize,0.0,8.689605672052437,False
eurosat__resnet18_imagenet1k_v1__d64,eurosat,resnet18_imagenet1k_v1,64,hard_competitor_expected_margin,maximize,0.1,9.628285138011883,False
eurosat__resnet18_imagenet1k_v1__d64,eurosat,resnet18_imagenet1k_v1,64,hard_competitor_expected_margin,maximize,0.2,10.41652938275431,False
eurosat__resnet18_imagenet1k_v1__d64,eurosat,resnet18_imagenet1k_v1,64,hard_competitor_expected_margin,maximize,0.3,11.185384338897677,False
eurosat__resnet18_imagenet1k_v1__d64,eurosat,resnet18_imagenet1k_v1,64,hard_competitor_expected_margin,maximize,0.4,11.982382013746507,False
eurosat__resnet18_imagenet1k_v1__d64,eurosat,resnet18_imagenet1k_v1,64,hard_competitor_expected_margin,maximize,0.5,12.835531753813918,False
eurosat__resnet18_imagenet1k_v1__d64,eurosat,resnet18_imagenet1k_v1,64,hard_competitor_expected_margin,maximize,0.6,13.766899685418807,False
eurosat__resnet18_imagenet1k_v1__d64,eurosat,resnet18_imagenet1k_v1,64,hard_competitor_expected_margin,maximize,0.7,14.789329898976051,False
eurosat__resnet18_imagenet1k_v1__d64,eurosat,resnet18_imagenet1k_v1,64,hard_competitor_expected_margin,maximize,0.8,16.00724352177487,False
eurosat__resnet18_imagenet1k_v1__d64,eurosat,resnet18_imagenet1k_v1,64,hard_competitor_expected_margin,maximize,0.9,17.571293447365825,False
eurosat__resnet18_imagenet1k_v1__d64,eurosat,resnet18_imagenet1k_v1,64,hard_competitor_expected_margin,maximize,1.0,20.111398626223796,True
eurosat__vit_b_16_imagenet1k_v1__d128,eurosat,vit_b_16_imagenet1k_v1,128,hard_competitor_expected_margin,maximize,0.0,11.629226314926754,False
eurosat__vit_b_16_imagenet1k_v1__d128,eurosat,vit_b_16_imagenet1k_v1,128,hard_competitor_expected_margin,maximize,0.1,14.035518757191166,False
eurosat__vit_b_16_imagenet1k_v1__d128,eurosat,vit_b_16_imagenet1k_v1,128,hard_competitor_expected_margin,maximize,0.2,16.01480130984416,False
eurosat__vit_b_16_imagenet1k_v1__d128,eurosat,vit_b_16_imagenet1k_v1,128,hard_competitor_expected_margin,maximize,0.3,17.746112089411312,False
eurosat__vit_b_16_imagenet1k_v1__d128,eurosat,vit_b_16_imagenet1k_v1,128,hard_competitor_expected_margin,maximize,0.4,19.527726415425107,False
eurosat__vit_b_16_imagenet1k_v1__d128,eurosat,vit_b_16_imagenet1k_v1,128,hard_competitor_expected_margin,maximize,0.5,21.473289469759724,False
eurosat__vit_b_16_imagenet1k_v1__d128,eurosat,vit_b_16_imagenet1k_v1,128,hard_competitor_expected_margin,maximize,0.6,23.686719414492103,False
eurosat__vit_b_16_imagenet1k_v1__d128,eurosat,vit_b_16_imagenet1k_v1,128,hard_competitor_expected_margin,maximize,0.7,26.14442320374222,False
eurosat__vit_b_16_imagenet1k_v1__d128,eurosat,vit_b_16_imagenet1k_v1,128,hard_competitor_expected_margin,maximize,0.8,29.031629666726197,False
eurosat__vit_b_16_imagenet1k_v1__d128,eurosat,vit_b_16_imagenet1k_v1,128,hard_competitor_expected_margin,maximize,0.9,32.87142699531273,False
eurosat__vit_b_16_imagenet1k_v1__d128,eurosat,vit_b_16_imagenet1k_v1,128,hard_competitor_expected_margin,maximize,1.0,38.64794904434149,True
eurosat__vit_b_16_imagenet1k_v1__d64,eurosat,vit_b_16_imagenet1k_v1,64,hard_competitor_expected_margin,maximize,0.0,7.248020400382424,False
eurosat__vit_b_16_imagenet1k_v1__d64,eurosat,vit_b_16_imagenet1k_v1,64,hard_competitor_expected_margin,maximize,0.1,8.099247823248099,False
eurosat__vit_b_16_imagenet1k_v1__d64,eurosat,vit_b_16_imagenet1k_v1,64,hard_competitor_expected_margin,maximize,0.2,8.85431189370953,False
eurosat__vit_b_16_imagenet1k_v1__d64,eurosat,vit_b_16_imagenet1k_v1,64,hard_competitor_expected_margin,maximize,0.3,9.583400532810987,False
eurosat__vit_b_16_imagenet1k_v1__d64,eurosat,vit_b_16_imagenet1k_v1,64,hard_competitor_expected_margin,maximize,0.4,10.315811954987602,False
eurosat__vit_b_16_imagenet1k_v1__d64,eurosat,vit_b_16_imagenet1k_v1,64,hard_competitor_expected_margin,maximize,0.5,11.103393947737283,False
eurosat__vit_b_16_imagenet1k_v1__d64,eurosat,vit_b_16_imagenet1k_v1,64,hard_competitor_expected_margin,maximize,0.6,12.00524726559801,False
eurosat__vit_b_16_imagenet1k_v1__d64,eurosat,vit_b_16_imagenet1k_v1,64,hard_competitor_expected_margin,maximize,0.7,13.010727058767191,False
eurosat__vit_b_16_imagenet1k_v1__d64,eurosat,vit_b_16_imagenet1k_v1,64,hard_competitor_expected_margin,maximize,0.8,14.122716860380027,False
eurosat__vit_b_16_imagenet1k_v1__d64,eurosat,vit_b_16_imagenet1k_v1,64,hard_competitor_expected_margin,maximize,0.9,15.577803450091858,False
eurosat__vit_b_16_imagenet1k_v1__d64,eurosat,vit_b_16_imagenet1k_v1,64,hard_competitor_expected_margin,maximize,1.0,17.392901419046133,True
pathmnist__resnet18_imagenet1k_v1__d128,pathmnist,resnet18_imagenet1k_v1,128,hard_competitor_expected_margin,maximize,0.0,7.843805169956076,False
pathmnist__resnet18_imagenet1k_v1__d128,pathmnist,resnet18_imagenet1k_v1,128,hard_competitor_expected_margin,maximize,0.1,10.390877552926844,False
pathmnist__resnet18_imagenet1k_v1__d128,pathmnist,resnet18_imagenet1k_v1,128,hard_competitor_expected_margin,maximize,0.2,12.21791249210898,False
pathmnist__resnet18_imagenet1k_v1__d128,pathmnist,resnet18_imagenet1k_v1,128,hard_competitor_expected_margin,maximize,0.3,13.83101486770919,False
pathmnist__resnet18_imagenet1k_v1__d128,pathmnist,resnet18_imagenet1k_v1,128,hard_competitor_expected_margin,maximize,0.4,15.414976242626997,False
pathmnist__resnet18_imagenet1k_v1__d128,pathmnist,resnet18_imagenet1k_v1,128,hard_competitor_expected_margin,maximize,0.5,17.087113347332817,False
pathmnist__resnet18_imagenet1k_v1__d128,pathmnist,resnet18_imagenet1k_v1,128,hard_competitor_expected_margin,maximize,0.6,18.95515693866893,False
pathmnist__resnet18_imagenet1k_v1__d128,pathmnist,resnet18_imagenet1k_v1,128,hard_competitor_expected_margin,maximize,0.7,21.152134690543477,False
pathmnist__resnet18_imagenet1k_v1__d128,pathmnist,resnet18_imagenet1k_v1,128,hard_competitor_expected_margin,maximize,0.8,23.84768176412931,False
pathmnist__resnet18_imagenet1k_v1__d128,pathmnist,resnet18_imagenet1k_v1,128,hard_competitor_expected_margin,maximize,0.9,27.422314920253196,False
pathmnist__resnet18_imagenet1k_v1__d128,pathmnist,resnet18_imagenet1k_v1,128,hard_competitor_expected_margin,maximize,1.0,32.77697174414416,True
pathmnist__resnet18_imagenet1k_v1__d64,pathmnist,resnet18_imagenet1k_v1,64,hard_competitor_expected_margin,maximize,0.0,5.667506989355998,False
pathmnist__resnet18_imagenet1k_v1__d64,pathmnist,resnet18_imagenet1k_v1,64,hard_competitor_expected_margin,maximize,0.1,6.833865769209437,False
pathmnist__resnet18_imagenet1k_v1__d64,pathmnist,resnet18_imagenet1k_v1,64,hard_competitor_expected_margin,maximize,0.2,7.718500569778973,False
pathmnist__resnet18_imagenet1k_v1__d64,pathmnist,resnet18_imagenet1k_v1,64,hard_competitor_expected_margin,maximize,0.3,8.507984898689994,False
pathmnist__resnet18_imagenet1k_v1__d64,pathmnist,resnet18_imagenet1k_v1,64,hard_competitor_expected_margin,maximize,0.4,9.2880248557379,False
pathmnist__resnet18_imagenet1k_v1__d64,pathmnist,resnet18_imagenet1k_v1,64,hard_competitor_expected_margin,maximize,0.5,10.106254686260094,False
pathmnist__resnet18_imagenet1k_v1__d64,pathmnist,resnet18_imagenet1k_v1,64,hard_competitor_expected_margin,maximize,0.6,11.006073353380629,False
pathmnist__resnet18_imagenet1k_v1__d64,pathmnist,resnet18_imagenet1k_v1,64,hard_competitor_expected_margin,maximize,0.7,12.03724799714885,False
pathmnist__resnet18_imagenet1k_v1__d64,pathmnist,resnet18_imagenet1k_v1,64,hard_competitor_expected_margin,maximize,0.8,13.266815185927596,False
pathmnist__resnet18_imagenet1k_v1__d64,pathmnist,resnet18_imagenet1k_v1,64,hard_competitor_expected_margin,maximize,0.9,14.796990940398448,False
pathmnist__resnet18_imagenet1k_v1__d64,pathmnist,resnet18_imagenet1k_v1,64,hard_competitor_expected_margin,maximize,1.0,16.79916538698019,True
pathmnist__vit_b_16_imagenet1k_v1__d128,pathmnist,vit_b_16_imagenet1k_v1,128,hard_competitor_expected_margin,maximize,0.0,9.809276592942979,False
pathmnist__vit_b_16_imagenet1k_v1__d128,pathmnist,vit_b_16_imagenet1k_v1,128,hard_competitor_expected_margin,maximize,0.1,12.988389577007801,False
pathmnist__vit_b_16_imagenet1k_v1__d128,pathmnist,vit_b_16_imagenet1k_v1,128,hard_competitor_expected_margin,maximize,0.2,15.340338357333383,False
pathmnist__vit_b_16_imagenet1k_v1__d128,pathmnist,vit_b_16_imagenet1k_v1,128,hard_competitor_expected_margin,maximize,0.3,17.442873683324002,False
pathmnist__vit_b_16_imagenet1k_v1__d128,pathmnist,vit_b_16_imagenet1k_v1,128,hard_competitor_expected_margin,maximize,0.4,19.48854922776254,False
pathmnist__vit_b_16_imagenet1k_v1__d128,pathmnist,vit_b_16_imagenet1k_v1,128,hard_competitor_expected_margin,maximize,0.5,21.655325485406145,False
pathmnist__vit_b_16_imagenet1k_v1__d128,pathmnist,vit_b_16_imagenet1k_v1,128,hard_competitor_expected_margin,maximize,0.6,24.09950884867812,False
pathmnist__vit_b_16_imagenet1k_v1__d128,pathmnist,vit_b_16_imagenet1k_v1,128,hard_competitor_expected_margin,maximize,0.7,27.031532252090543,False
pathmnist__vit_b_16_imagenet1k_v1__d128,pathmnist,vit_b_16_imagenet1k_v1,128,hard_competitor_expected_margin,maximize,0.8,30.77071739022289,False
pathmnist__vit_b_16_imagenet1k_v1__d128,pathmnist,vit_b_16_imagenet1k_v1,128,hard_competitor_expected_margin,maximize,0.9,35.9709836415568,False
pathmnist__vit_b_16_imagenet1k_v1__d128,pathmnist,vit_b_16_imagenet1k_v1,128,hard_competitor_expected_margin,maximize,1.0,43.86585206335242,True
pathmnist__vit_b_16_imagenet1k_v1__d64,pathmnist,vit_b_16_imagenet1k_v1,64,hard_competitor_expected_margin,maximize,0.0,6.067124521219595,False
pathmnist__vit_b_16_imagenet1k_v1__d64,pathmnist,vit_b_16_imagenet1k_v1,64,hard_competitor_expected_margin,maximize,0.1,7.4544532367664935,False
pathmnist__vit_b_16_imagenet1k_v1__d64,pathmnist,vit_b_16_imagenet1k_v1,64,hard_competitor_expected_margin,maximize,0.2,8.482613898184614,False
pathmnist__vit_b_16_imagenet1k_v1__d64,pathmnist,vit_b_16_imagenet1k_v1,64,hard_competitor_expected_margin,maximize,0.3,9.412343109281899,False
pathmnist__vit_b_16_imagenet1k_v1__d64,pathmnist,vit_b_16_imagenet1k_v1,64,hard_competitor_expected_margin,maximize,0.4,10.337278283217518,False
pathmnist__vit_b_16_imagenet1k_v1__d64,pathmnist,vit_b_16_imagenet1k_v1,64,hard_competitor_expected_margin,maximize,0.5,11.31580540529475,False
pathmnist__vit_b_16_imagenet1k_v1__d64,pathmnist,vit_b_16_imagenet1k_v1,64,hard_competitor_expected_margin,maximize,0.6,12.40107451087302,False
pathmnist__vit_b_16_imagenet1k_v1__d64,pathmnist,vit_b_16_imagenet1k_v1,64,hard_competitor_expected_margin,maximize,0.7,13.656284776986272,False
pathmnist__vit_b_16_imagenet1k_v1__d64,pathmnist,vit_b_16_imagenet1k_v1,64,hard_competitor_expected_margin,maximize,0.8,15.173201737132079,False
pathmnist__vit_b_16_imagenet1k_v1__d64,pathmnist,vit_b_16_imagenet1k_v1,64,hard_competitor_expected_margin,maximize,0.9,17.070433718097874,False
pathmnist__vit_b_16_imagenet1k_v1__d64,pathmnist,vit_b_16_imagenet1k_v1,64,hard_competitor_expected_margin,maximize,1.0,19.5027676559217,True
cifar100__resnet18_imagenet1k_v1__d128,cifar100,resnet18_imagenet1k_v1,128,mean_pairwise_expected_margin,maximize,0.0,19.745726547703924,False
cifar100__resnet18_imagenet1k_v1__d128,cifar100,resnet18_imagenet1k_v1,128,mean_pairwise_expected_margin,maximize,0.1,22.071020886800255,False
cifar100__resnet18_imagenet1k_v1__d128,cifar100,resnet18_imagenet1k_v1,128,mean_pairwise_expected_margin,maximize,0.2,24.313414596484137,False
cifar100__resnet18_imagenet1k_v1__d128,cifar100,resnet18_imagenet1k_v1,128,mean_pairwise_expected_margin,maximize,0.3,26.713309958671886,False
cifar100__resnet18_imagenet1k_v1__d128,cifar100,resnet18_imagenet1k_v1,128,mean_pairwise_expected_margin,maximize,0.4,29.43776532407908,False
cifar100__resnet18_imagenet1k_v1__d128,cifar100,resnet18_imagenet1k_v1,128,mean_pairwise_expected_margin,maximize,0.5,32.673676187255154,False
cifar100__resnet18_imagenet1k_v1__d128,cifar100,resnet18_imagenet1k_v1,128,mean_pairwise_expected_margin,maximize,0.6,36.686764803253936,False
cifar100__resnet18_imagenet1k_v1__d128,cifar100,resnet18_imagenet1k_v1,128,mean_pairwise_expected_margin,maximize,0.7,41.91592465608774,False
cifar100__resnet18_imagenet1k_v1__d128,cifar100,resnet18_imagenet1k_v1,128,mean_pairwise_expected_margin,maximize,0.8,49.19338416841304,False
cifar100__resnet18_imagenet1k_v1__d128,cifar100,resnet18_imagenet1k_v1,128,mean_pairwise_expected_margin,maximize,0.9,60.417593987799684,False
cifar100__resnet18_imagenet1k_v1__d128,cifar100,resnet18_imagenet1k_v1,128,mean_pairwise_expected_margin,maximize,1.0,81.71521467411827,True
cifar100__resnet18_imagenet1k_v1__d64,cifar100,resnet18_imagenet1k_v1,64,mean_pairwise_expected_margin,maximize,0.0,12.21159424061872,False
cifar100__resnet18_imagenet1k_v1__d64,cifar100,resnet18_imagenet1k_v1,64,mean_pairwise_expected_margin,maximize,0.1,13.033486053330002,False
cifar100__resnet18_imagenet1k_v1__d64,cifar100,resnet18_imagenet1k_v1,64,mean_pairwise_expected_margin,maximize,0.2,13.897267166052208,False
cifar100__resnet18_imagenet1k_v1__d64,cifar100,resnet18_imagenet1k_v1,64,mean_pairwise_expected_margin,maximize,0.3,14.850913476270243,False
cifar100__resnet18_imagenet1k_v1__d64,cifar100,resnet18_imagenet1k_v1,64,mean_pairwise_expected_margin,maximize,0.4,15.9382417226208,False
cifar100__resnet18_imagenet1k_v1__d64,cifar100,resnet18_imagenet1k_v1,64,mean_pairwise_expected_margin,maximize,0.5,17.212604208552055,False
cifar100__resnet18_imagenet1k_v1__d64,cifar100,resnet18_imagenet1k_v1,64,mean_pairwise_expected_margin,maximize,0.6,18.748786540119795,False
cifar100__resnet18_imagenet1k_v1__d64,cifar100,resnet18_imagenet1k_v1,64,mean_pairwise_expected_margin,maximize,0.7,20.662431798245354,False
cifar100__resnet18_imagenet1k_v1__d64,cifar100,resnet18_imagenet1k_v1,64,mean_pairwise_expected_margin,maximize,0.8,23.15059059286517,False
cifar100__resnet18_imagenet1k_v1__d64,cifar100,resnet18_imagenet1k_v1,64,mean_pairwise_expected_margin,maximize,0.9,26.59446319470112,False
cifar100__resnet18_imagenet1k_v1__d64,cifar100,resnet18_imagenet1k_v1,64,mean_pairwise_expected_margin,maximize,1.0,31.9036780054956,True
cifar100__vit_b_16_imagenet1k_v1__d128,cifar100,vit_b_16_imagenet1k_v1,128,mean_pairwise_expected_margin,maximize,0.0,32.80643151136874,False
cifar100__vit_b_16_imagenet1k_v1__d128,cifar100,vit_b_16_imagenet1k_v1,128,mean_pairwise_expected_margin,maximize,0.1,35.61301775948992,False
cifar100__vit_b_16_imagenet1k_v1__d128,cifar100,vit_b_16_imagenet1k_v1,128,mean_pairwise_expected_margin,maximize,0.2,38.4714753460578,False
cifar100__vit_b_16_imagenet1k_v1__d128,cifar100,vit_b_16_imagenet1k_v1,128,mean_pairwise_expected_margin,maximize,0.3,41.679926413434174,False
cifar100__vit_b_16_imagenet1k_v1__d128,cifar100,vit_b_16_imagenet1k_v1,128,mean_pairwise_expected_margin,maximize,0.4,45.4581993563194,False
cifar100__vit_b_16_imagenet1k_v1__d128,cifar100,vit_b_16_imagenet1k_v1,128,mean_pairwise_expected_margin,maximize,0.5,50.07759120521537,False
cifar100__vit_b_16_imagenet1k_v1__d128,cifar100,vit_b_16_imagenet1k_v1,128,mean_pairwise_expected_margin,maximize,0.6,55.9484033257345,False
cifar100__vit_b_16_imagenet1k_v1__d128,cifar100,vit_b_16_imagenet1k_v1,128,mean_pairwise_expected_margin,maximize,0.7,63.77459015848464,False
cifar100__vit_b_16_imagenet1k_v1__d128,cifar100,vit_b_16_imagenet1k_v1,128,mean_pairwise_expected_margin,maximize,0.8,74.93167593607092,False
cifar100__vit_b_16_imagenet1k_v1__d128,cifar100,vit_b_16_imagenet1k_v1,128,mean_pairwise_expected_margin,maximize,0.9,92.66059837345288,False
cifar100__vit_b_16_imagenet1k_v1__d128,cifar100,vit_b_16_imagenet1k_v1,128,mean_pairwise_expected_margin,maximize,1.0,127.88457086590918,True
cifar100__vit_b_16_imagenet1k_v1__d64,cifar100,vit_b_16_imagenet1k_v1,64,mean_pairwise_expected_margin,maximize,0.0,18.830012341238724,False
cifar100__vit_b_16_imagenet1k_v1__d64,cifar100,vit_b_16_imagenet1k_v1,64,mean_pairwise_expected_margin,maximize,0.1,19.80318408490411,False
cifar100__vit_b_16_imagenet1k_v1__d64,cifar100,vit_b_16_imagenet1k_v1,64,mean_pairwise_expected_margin,maximize,0.2,20.86242031693574,False
cifar100__vit_b_16_imagenet1k_v1__d64,cifar100,vit_b_16_imagenet1k_v1,64,mean_pairwise_expected_margin,maximize,0.3,22.07465749562735,False
cifar100__vit_b_16_imagenet1k_v1__d64,cifar100,vit_b_16_imagenet1k_v1,64,mean_pairwise_expected_margin,maximize,0.4,23.498092513383273,False
cifar100__vit_b_16_imagenet1k_v1__d64,cifar100,vit_b_16_imagenet1k_v1,64,mean_pairwise_expected_margin,maximize,0.5,25.206555244534293,False
cifar100__vit_b_16_imagenet1k_v1__d64,cifar100,vit_b_16_imagenet1k_v1,64,mean_pairwise_expected_margin,maximize,0.6,27.307533101107076,False
cifar100__vit_b_16_imagenet1k_v1__d64,cifar100,vit_b_16_imagenet1k_v1,64,mean_pairwise_expected_margin,maximize,0.7,29.971602573805015,False
cifar100__vit_b_16_imagenet1k_v1__d64,cifar100,vit_b_16_imagenet1k_v1,64,mean_pairwise_expected_margin,maximize,0.8,33.49484743156245,False
cifar100__vit_b_16_imagenet1k_v1__d64,cifar100,vit_b_16_imagenet1k_v1,64,mean_pairwise_expected_margin,maximize,0.9,38.457929174859274,False
cifar100__vit_b_16_imagenet1k_v1__d64,cifar100,vit_b_16_imagenet1k_v1,64,mean_pairwise_expected_margin,maximize,1.0,46.250844937632806,True
dermamnist__resnet18_imagenet1k_v1__d128,dermamnist,resnet18_imagenet1k_v1,128,mean_pairwise_expected_margin,maximize,0.0,3.1528749079625413,False
dermamnist__resnet18_imagenet1k_v1__d128,dermamnist,resnet18_imagenet1k_v1,128,mean_pairwise_expected_margin,maximize,0.1,4.537621780389431,False
dermamnist__resnet18_imagenet1k_v1__d128,dermamnist,resnet18_imagenet1k_v1,128,mean_pairwise_expected_margin,maximize,0.2,5.53296168523072,False
dermamnist__resnet18_imagenet1k_v1__d128,dermamnist,resnet18_imagenet1k_v1,128,mean_pairwise_expected_margin,maximize,0.3,6.4766154532061595,False
dermamnist__resnet18_imagenet1k_v1__d128,dermamnist,resnet18_imagenet1k_v1,128,mean_pairwise_expected_margin,maximize,0.4,7.481933200863637,False
dermamnist__resnet18_imagenet1k_v1__d128,dermamnist,resnet18_imagenet1k_v1,128,mean_pairwise_expected_margin,maximize,0.5,8.640176331791794,False
dermamnist__resnet18_imagenet1k_v1__d128,dermamnist,resnet18_imagenet1k_v1,128,mean_pairwise_expected_margin,maximize,0.6,10.071475190691547,False
dermamnist__resnet18_imagenet1k_v1__d128,dermamnist,resnet18_imagenet1k_v1,128,mean_pairwise_expected_margin,maximize,0.7,11.986611440927124,False
dermamnist__resnet18_imagenet1k_v1__d128,dermamnist,resnet18_imagenet1k_v1,128,mean_pairwise_expected_margin,maximize,0.8,14.854847053381867,False
dermamnist__resnet18_imagenet1k_v1__d128,dermamnist,resnet18_imagenet1k_v1,128,mean_pairwise_expected_margin,maximize,0.9,20.149003086109747,False
dermamnist__resnet18_imagenet1k_v1__d128,dermamnist,resnet18_imagenet1k_v1,128,mean_pairwise_expected_margin,maximize,1.0,40.9566122650741,True
dermamnist__resnet18_imagenet1k_v1__d64,dermamnist,resnet18_imagenet1k_v1,64,mean_pairwise_expected_margin,maximize,0.0,2.2581554748627988,False
dermamnist__resnet18_imagenet1k_v1__d64,dermamnist,resnet18_imagenet1k_v1,64,mean_pairwise_expected_margin,maximize,0.1,2.9337808970902564,False
dermamnist__resnet18_imagenet1k_v1__d64,dermamnist,resnet18_imagenet1k_v1,64,mean_pairwise_expected_margin,maximize,0.2,3.482476888900806,False
dermamnist__resnet18_imagenet1k_v1__d64,dermamnist,resnet18_imagenet1k_v1,64,mean_pairwise_expected_margin,maximize,0.3,4.018900417033876,False
dermamnist__resnet18_imagenet1k_v1__d64,dermamnist,resnet18_imagenet1k_v1,64,mean_pairwise_expected_margin,maximize,0.4,4.594322503058111,False
dermamnist__resnet18_imagenet1k_v1__d64,dermamnist,resnet18_imagenet1k_v1,64,mean_pairwise_expected_margin,maximize,0.5,5.253902020404324,False
dermamnist__resnet18_imagenet1k_v1__d64,dermamnist,resnet18_imagenet1k_v1,64,mean_pairwise_expected_margin,maximize,0.6,6.057481594069932,False
dermamnist__resnet18_imagenet1k_v1__d64,dermamnist,resnet18_imagenet1k_v1,64,mean_pairwise_expected_margin,maximize,0.7,7.106711269443445,False
dermamnist__resnet18_imagenet1k_v1__d64,dermamnist,resnet18_imagenet1k_v1,64,mean_pairwise_expected_margin,maximize,0.8,8.614809515498603,False
dermamnist__resnet18_imagenet1k_v1__d64,dermamnist,resnet18_imagenet1k_v1,64,mean_pairwise_expected_margin,maximize,0.9,11.184147982350268,False
dermamnist__resnet18_imagenet1k_v1__d64,dermamnist,resnet18_imagenet1k_v1,64,mean_pairwise_expected_margin,maximize,1.0,18.6340312233895,True
dermamnist__vit_b_16_imagenet1k_v1__d128,dermamnist,vit_b_16_imagenet1k_v1,128,mean_pairwise_expected_margin,maximize,0.0,4.323833303411522,False
dermamnist__vit_b_16_imagenet1k_v1__d128,dermamnist,vit_b_16_imagenet1k_v1,128,mean_pairwise_expected_margin,maximize,0.1,5.900928443921336,False
dermamnist__vit_b_16_imagenet1k_v1__d128,dermamnist,vit_b_16_imagenet1k_v1,128,mean_pairwise_expected_margin,maximize,0.2,7.135235901724627,False
dermamnist__vit_b_16_imagenet1k_v1__d128,dermamnist,vit_b_16_imagenet1k_v1,128,mean_pairwise_expected_margin,maximize,0.3,8.328290143585672,False
dermamnist__vit_b_16_imagenet1k_v1__d128,dermamnist,vit_b_16_imagenet1k_v1,128,mean_pairwise_expected_margin,maximize,0.4,9.609521653294363,False
dermamnist__vit_b_16_imagenet1k_v1__d128,dermamnist,vit_b_16_imagenet1k_v1,128,mean_pairwise_expected_margin,maximize,0.5,11.09317932769143,False
dermamnist__vit_b_16_imagenet1k_v1__d128,dermamnist,vit_b_16_imagenet1k_v1,128,mean_pairwise_expected_margin,maximize,0.6,12.934618857409971,False
dermamnist__vit_b_16_imagenet1k_v1__d128,dermamnist,vit_b_16_imagenet1k_v1,128,mean_pairwise_expected_margin,maximize,0.7,15.408557626119848,False
dermamnist__vit_b_16_imagenet1k_v1__d128,dermamnist,vit_b_16_imagenet1k_v1,128,mean_pairwise_expected_margin,maximize,0.8,19.124182007072406,False
dermamnist__vit_b_16_imagenet1k_v1__d128,dermamnist,vit_b_16_imagenet1k_v1,128,mean_pairwise_expected_margin,maximize,0.9,25.955947073755553,False
dermamnist__vit_b_16_imagenet1k_v1__d128,dermamnist,vit_b_16_imagenet1k_v1,128,mean_pairwise_expected_margin,maximize,1.0,50.77885644805091,True
dermamnist__vit_b_16_imagenet1k_v1__d64,dermamnist,vit_b_16_imagenet1k_v1,64,mean_pairwise_expected_margin,maximize,0.0,2.9750375663148345,False
dermamnist__vit_b_16_imagenet1k_v1__d64,dermamnist,vit_b_16_imagenet1k_v1,64,mean_pairwise_expected_margin,maximize,0.1,3.711360687224922,False
dermamnist__vit_b_16_imagenet1k_v1__d64,dermamnist,vit_b_16_imagenet1k_v1,64,mean_pairwise_expected_margin,maximize,0.2,4.334801038821864,False
dermamnist__vit_b_16_imagenet1k_v1__d64,dermamnist,vit_b_16_imagenet1k_v1,64,mean_pairwise_expected_margin,maximize,0.3,4.950557952823571,False
dermamnist__vit_b_16_imagenet1k_v1__d64,dermamnist,vit_b_16_imagenet1k_v1,64,mean_pairwise_expected_margin,maximize,0.4,5.613190255293059,False
dermamnist__vit_b_16_imagenet1k_v1__d64,dermamnist,vit_b_16_imagenet1k_v1,64,mean_pairwise_expected_margin,maximize,0.5,6.373761432086997,False
dermamnist__vit_b_16_imagenet1k_v1__d64,dermamnist,vit_b_16_imagenet1k_v1,64,mean_pairwise_expected_margin,maximize,0.6,7.301295749957545,False
dermamnist__vit_b_16_imagenet1k_v1__d64,dermamnist,vit_b_16_imagenet1k_v1,64,mean_pairwise_expected_margin,maximize,0.7,8.513295191292098,False
dermamnist__vit_b_16_imagenet1k_v1__d64,dermamnist,vit_b_16_imagenet1k_v1,64,mean_pairwise_expected_margin,maximize,0.8,10.253738177585248,False
dermamnist__vit_b_16_imagenet1k_v1__d64,dermamnist,vit_b_16_imagenet1k_v1,64,mean_pairwise_expected_margin,maximize,0.9,13.187600759838288,False
dermamnist__vit_b_16_imagenet1k_v1__d64,dermamnist,vit_b_16_imagenet1k_v1,64,mean_pairwise_expected_margin,maximize,1.0,20.79501973657098,True
eurosat__resnet18_imagenet1k_v1__d128,eurosat,resnet18_imagenet1k_v1,128,mean_pairwise_expected_margin,maximize,0.0,20.76504697771943,False
eurosat__resnet18_imagenet1k_v1__d128,eurosat,resnet18_imagenet1k_v1,128,mean_pairwise_expected_margin,maximize,0.1,24.22049016806505,False
eurosat__resnet18_imagenet1k_v1__d128,eurosat,resnet18_imagenet1k_v1,128,mean_pairwise_expected_margin,maximize,0.2,27.53157507767174,False
eurosat__resnet18_imagenet1k_v1__d128,eurosat,resnet18_imagenet1k_v1,128,mean_pairwise_expected_margin,maximize,0.3,31.019917045802515,False
eurosat__resnet18_imagenet1k_v1__d128,eurosat,resnet18_imagenet1k_v1,128,mean_pairwise_expected_margin,maximize,0.4,34.92841628375115,False
eurosat__resnet18_imagenet1k_v1__d128,eurosat,resnet18_imagenet1k_v1,128,mean_pairwise_expected_margin,maximize,0.5,39.534942097053595,False
eurosat__resnet18_imagenet1k_v1__d128,eurosat,resnet18_imagenet1k_v1,128,mean_pairwise_expected_margin,maximize,0.6,45.24706197118755,False
eurosat__resnet18_imagenet1k_v1__d128,eurosat,resnet18_imagenet1k_v1,128,mean_pairwise_expected_margin,maximize,0.7,52.77620684001957,False
eurosat__resnet18_imagenet1k_v1__d128,eurosat,resnet18_imagenet1k_v1,128,mean_pairwise_expected_margin,maximize,0.8,63.61229426697335,False
eurosat__resnet18_imagenet1k_v1__d128,eurosat,resnet18_imagenet1k_v1,128,mean_pairwise_expected_margin,maximize,0.9,81.92423216858143,False
eurosat__resnet18_imagenet1k_v1__d128,eurosat,resnet18_imagenet1k_v1,128,mean_pairwise_expected_margin,maximize,1.0,134.69526765833012,True
eurosat__resnet18_imagenet1k_v1__d64,eurosat,resnet18_imagenet1k_v1,64,mean_pairwise_expected_margin,maximize,0.0,14.68522874252822,False
eurosat__resnet18_imagenet1k_v1__d64,eurosat,resnet18_imagenet1k_v1,64,mean_pairwise_expected_margin,maximize,0.1,16.25929905215167,False
eurosat__resnet18_imagenet1k_v1__d64,eurosat,resnet18_imagenet1k_v1,64,mean_pairwise_expected_margin,maximize,0.2,17.849475299877255,False
eurosat__resnet18_imagenet1k_v1__d64,eurosat,resnet18_imagenet1k_v1,64,mean_pairwise_expected_margin,maximize,0.3,19.574081969080616,False
eurosat__resnet18_imagenet1k_v1__d64,eurosat,resnet18_imagenet1k_v1,64,mean_pairwise_expected_margin,maximize,0.4,21.539616556600045,False
eurosat__resnet18_imagenet1k_v1__d64,eurosat,resnet18_imagenet1k_v1,64,mean_pairwise_expected_margin,maximize,0.5,23.87813202412422,False
eurosat__resnet18_imagenet1k_v1__d64,eurosat,resnet18_imagenet1k_v1,64,mean_pairwise_expected_margin,maximize,0.6,26.789054533290862,False
eurosat__resnet18_imagenet1k_v1__d64,eurosat,resnet18_imagenet1k_v1,64,mean_pairwise_expected_margin,maximize,0.7,30.622764061363405,False
eurosat__resnet18_imagenet1k_v1__d64,eurosat,resnet18_imagenet1k_v1,64,mean_pairwise_expected_margin,maximize,0.8,36.11020589652624,False
eurosat__resnet18_imagenet1k_v1__d64,eurosat,resnet18_imagenet1k_v1,64,mean_pairwise_expected_margin,maximize,0.9,45.26630872930945,False
eurosat__resnet18_imagenet1k_v1__d64,eurosat,resnet18_imagenet1k_v1,64,mean_pairwise_expected_margin,maximize,1.0,69.58744756615977,True
eurosat__vit_b_16_imagenet1k_v1__d128,eurosat,vit_b_16_imagenet1k_v1,128,mean_pairwise_expected_margin,maximize,0.0,18.770029318127406,False
eurosat__vit_b_16_imagenet1k_v1__d128,eurosat,vit_b_16_imagenet1k_v1,128,mean_pairwise_expected_margin,maximize,0.1,22.192411714539666,False
eurosat__vit_b_16_imagenet1k_v1__d128,eurosat,vit_b_16_imagenet1k_v1,128,mean_pairwise_expected_margin,maximize,0.2,25.44041285703859,False
eurosat__vit_b_16_imagenet1k_v1__d128,eurosat,vit_b_16_imagenet1k_v1,128,mean_pairwise_expected_margin,maximize,0.3,28.800613847914633,False
eurosat__vit_b_16_imagenet1k_v1__d128,eurosat,vit_b_16_imagenet1k_v1,128,mean_pairwise_expected_margin,maximize,0.4,32.49649594057439,False
eurosat__vit_b_16_imagenet1k_v1__d128,eurosat,vit_b_16_imagenet1k_v1,128,mean_pairwise_expected_margin,maximize,0.5,36.774419421100404,False
eurosat__vit_b_16_imagenet1k_v1__d128,eurosat,vit_b_16_imagenet1k_v1,128,mean_pairwise_expected_margin,maximize,0.6,41.97927955886847,False
eurosat__vit_b_16_imagenet1k_v1__d128,eurosat,vit_b_16_imagenet1k_v1,128,mean_pairwise_expected_margin,maximize,0.7,48.6851075444321,False
eurosat__vit_b_16_imagenet1k_v1__d128,eurosat,vit_b_16_imagenet1k_v1,128,mean_pairwise_expected_margin,maximize,0.8,58.023022805940364,False
eurosat__vit_b_16_imagenet1k_v1__d128,eurosat,vit_b_16_imagenet1k_v1,128,mean_pairwise_expected_margin,maximize,0.9,72.83105527994415,False
eurosat__vit_b_16_imagenet1k_v1__d128,eurosat,vit_b_16_imagenet1k_v1,128,mean_pairwise_expected_margin,maximize,1.0,105.41164854815608,True
eurosat__vit_b_16_imagenet1k_v1__d64,eurosat,vit_b_16_imagenet1k_v1,64,mean_pairwise_expected_margin,maximize,0.0,12.301490765357581,False
eurosat__vit_b_16_imagenet1k_v1__d64,eurosat,vit_b_16_imagenet1k_v1,64,mean_pairwise_expected_margin,maximize,0.1,13.631958916984242,False
eurosat__vit_b_16_imagenet1k_v1__d64,eurosat,vit_b_16_imagenet1k_v1,64,mean_pairwise_expected_margin,maximize,0.2,14.979137787681159,False
eurosat__vit_b_16_imagenet1k_v1__d64,eurosat,vit_b_16_imagenet1k_v1,64,mean_pairwise_expected_margin,maximize,0.3,16.423232070555365,False
eurosat__vit_b_16_imagenet1k_v1__d64,eurosat,vit_b_16_imagenet1k_v1,64,mean_pairwise_expected_margin,maximize,0.4,18.04019384254817,False
eurosat__vit_b_16_imagenet1k_v1__d64,eurosat,vit_b_16_imagenet1k_v1,64,mean_pairwise_expected_margin,maximize,0.5,19.92225397549561,False
eurosat__vit_b_16_imagenet1k_v1__d64,eurosat,vit_b_16_imagenet1k_v1,64,mean_pairwise_expected_margin,maximize,0.6,22.20202336165955,False
eurosat__vit_b_16_imagenet1k_v1__d64,eurosat,vit_b_16_imagenet1k_v1,64,mean_pairwise_expected_margin,maximize,0.7,25.096986656592293,False
eurosat__vit_b_16_imagenet1k_v1__d64,eurosat,vit_b_16_imagenet1k_v1,64,mean_pairwise_expected_margin,maximize,0.8,29.016405514416334,False
eurosat__vit_b_16_imagenet1k_v1__d64,eurosat,vit_b_16_imagenet1k_v1,64,mean_pairwise_expected_margin,maximize,0.9,34.895003789461185,False
eurosat__vit_b_16_imagenet1k_v1__d64,eurosat,vit_b_16_imagenet1k_v1,64,mean_pairwise_expected_margin,maximize,1.0,45.82609790293658,True
pathmnist__resnet18_imagenet1k_v1__d128,pathmnist,resnet18_imagenet1k_v1,128,mean_pairwise_expected_margin,maximize,0.0,15.853591299740922,False
pathmnist__resnet18_imagenet1k_v1__d128,pathmnist,resnet18_imagenet1k_v1,128,mean_pairwise_expected_margin,maximize,0.1,18.65067987297551,False
pathmnist__resnet18_imagenet1k_v1__d128,pathmnist,resnet18_imagenet1k_v1,128,mean_pairwise_expected_margin,maximize,0.2,21.25601666193043,False
pathmnist__resnet18_imagenet1k_v1__d128,pathmnist,resnet18_imagenet1k_v1,128,mean_pairwise_expected_margin,maximize,0.3,23.90539505753134,False
pathmnist__resnet18_imagenet1k_v1__d128,pathmnist,resnet18_imagenet1k_v1,128,mean_pairwise_expected_margin,maximize,0.4,26.77205103157683,False
pathmnist__resnet18_imagenet1k_v1__d128,pathmnist,resnet18_imagenet1k_v1,128,mean_pairwise_expected_margin,maximize,0.5,30.036456847491984,False
pathmnist__resnet18_imagenet1k_v1__d128,pathmnist,resnet18_imagenet1k_v1,128,mean_pairwise_expected_margin,maximize,0.6,33.942925703792284,False
pathmnist__resnet18_imagenet1k_v1__d128,pathmnist,resnet18_imagenet1k_v1,128,mean_pairwise_expected_margin,maximize,0.7,38.890941452278824,False
pathmnist__resnet18_imagenet1k_v1__d128,pathmnist,resnet18_imagenet1k_v1,128,mean_pairwise_expected_margin,maximize,0.8,45.65986559670664,False
pathmnist__resnet18_imagenet1k_v1__d128,pathmnist,resnet18_imagenet1k_v1,128,mean_pairwise_expected_margin,maximize,0.9,56.18865328142206,False
pathmnist__resnet18_imagenet1k_v1__d128,pathmnist,resnet18_imagenet1k_v1,128,mean_pairwise_expected_margin,maximize,1.0,78.65436604919117,True
pathmnist__resnet18_imagenet1k_v1__d64,pathmnist,resnet18_imagenet1k_v1,64,mean_pairwise_expected_margin,maximize,0.0,11.824854634475596,False
pathmnist__resnet18_imagenet1k_v1__d64,pathmnist,resnet18_imagenet1k_v1,64,mean_pairwise_expected_margin,maximize,0.1,12.947337165246143,False
pathmnist__resnet18_imagenet1k_v1__d64,pathmnist,resnet18_imagenet1k_v1,64,mean_pairwise_expected_margin,maximize,0.2,14.149487656430857,False
pathmnist__resnet18_imagenet1k_v1__d64,pathmnist,resnet18_imagenet1k_v1,64,mean_pairwise_expected_margin,maximize,0.3,15.448934415401336,False
pathmnist__resnet18_imagenet1k_v1__d64,pathmnist,resnet18_imagenet1k_v1,64,mean_pairwise_expected_margin,maximize,0.4,16.897038219296192,False
pathmnist__resnet18_imagenet1k_v1__d64,pathmnist,resnet18_imagenet1k_v1,64,mean_pairwise_expected_margin,maximize,0.5,18.564898156110416,False
pathmnist__resnet18_imagenet1k_v1__d64,pathmnist,resnet18_imagenet1k_v1,64,mean_pairwise_expected_margin,maximize,0.6,20.55637033800452,False
pathmnist__resnet18_imagenet1k_v1__d64,pathmnist,resnet18_imagenet1k_v1,64,mean_pairwise_expected_margin,maximize,0.7,23.03975534457696,False
pathmnist__resnet18_imagenet1k_v1__d64,pathmnist,resnet18_imagenet1k_v1,64,mean_pairwise_expected_margin,maximize,0.8,26.325322140644996,False
pathmnist__resnet18_imagenet1k_v1__d64,pathmnist,resnet18_imagenet1k_v1,64,mean_pairwise_expected_margin,maximize,0.9,31.10510674314059,False
pathmnist__resnet18_imagenet1k_v1__d64,pathmnist,resnet18_imagenet1k_v1,64,mean_pairwise_expected_margin,maximize,1.0,39.63492577459925,True
pathmnist__vit_b_16_imagenet1k_v1__d128,pathmnist,vit_b_16_imagenet1k_v1,128,mean_pairwise_expected_margin,maximize,0.0,18.589860351854256,False
pathmnist__vit_b_16_imagenet1k_v1__d128,pathmnist,vit_b_16_imagenet1k_v1,128,mean_pairwise_expected_margin,maximize,0.1,22.405559522137978,False
pathmnist__vit_b_16_imagenet1k_v1__d128,pathmnist,vit_b_16_imagenet1k_v1,128,mean_pairwise_expected_margin,maximize,0.2,25.84471037616259,False
pathmnist__vit_b_16_imagenet1k_v1__d128,pathmnist,vit_b_16_imagenet1k_v1,128,mean_pairwise_expected_margin,maximize,0.3,29.31118166384245,False
pathmnist__vit_b_16_imagenet1k_v1__d128,pathmnist,vit_b_16_imagenet1k_v1,128,mean_pairwise_expected_margin,maximize,0.4,33.05933678229213,False
pathmnist__vit_b_16_imagenet1k_v1__d128,pathmnist,vit_b_16_imagenet1k_v1,128,mean_pairwise_expected_margin,maximize,0.5,37.340905815062214,False
pathmnist__vit_b_16_imagenet1k_v1__d128,pathmnist,vit_b_16_imagenet1k_v1,128,mean_pairwise_expected_margin,maximize,0.6,42.49187166755196,False
pathmnist__vit_b_16_imagenet1k_v1__d128,pathmnist,vit_b_16_imagenet1k_v1,128,mean_pairwise_expected_margin,maximize,0.7,49.06098548876629,False
pathmnist__vit_b_16_imagenet1k_v1__d128,pathmnist,vit_b_16_imagenet1k_v1,128,mean_pairwise_expected_margin,maximize,0.8,58.12157851252728,False
pathmnist__vit_b_16_imagenet1k_v1__d128,pathmnist,vit_b_16_imagenet1k_v1,128,mean_pairwise_expected_margin,maximize,0.9,72.35134510106761,False
pathmnist__vit_b_16_imagenet1k_v1__d128,pathmnist,vit_b_16_imagenet1k_v1,128,mean_pairwise_expected_margin,maximize,1.0,103.11455421900129,True
pathmnist__vit_b_16_imagenet1k_v1__d64,pathmnist,vit_b_16_imagenet1k_v1,64,mean_pairwise_expected_margin,maximize,0.0,11.592953241377263,False
pathmnist__vit_b_16_imagenet1k_v1__d64,pathmnist,vit_b_16_imagenet1k_v1,64,mean_pairwise_expected_margin,maximize,0.1,13.285436024825728,False
pathmnist__vit_b_16_imagenet1k_v1__d64,pathmnist,vit_b_16_imagenet1k_v1,64,mean_pairwise_expected_margin,maximize,0.2,14.866812796582563,False
pathmnist__vit_b_16_imagenet1k_v1__d64,pathmnist,vit_b_16_imagenet1k_v1,64,mean_pairwise_expected_margin,maximize,0.3,16.485355739549437,False
pathmnist__vit_b_16_imagenet1k_v1__d64,pathmnist,vit_b_16_imagenet1k_v1,64,mean_pairwise_expected_margin,maximize,0.4,18.24170737195623,False
pathmnist__vit_b_16_imagenet1k_v1__d64,pathmnist,vit_b_16_imagenet1k_v1,64,mean_pairwise_expected_margin,maximize,0.5,20.23692962319602,False
pathmnist__vit_b_16_imagenet1k_v1__d64,pathmnist,vit_b_16_imagenet1k_v1,64,mean_pairwise_expected_margin,maximize,0.6,22.602669923936958,False
pathmnist__vit_b_16_imagenet1k_v1__d64,pathmnist,vit_b_16_imagenet1k_v1,64,mean_pairwise_expected_margin,maximize,0.7,25.54332977672759,False
pathmnist__vit_b_16_imagenet1k_v1__d64,pathmnist,vit_b_16_imagenet1k_v1,64,mean_pairwise_expected_margin,maximize,0.8,29.42875019034919,False
pathmnist__vit_b_16_imagenet1k_v1__d64,pathmnist,vit_b_16_imagenet1k_v1,64,mean_pairwise_expected_margin,maximize,0.9,35.071141634318295,False
pathmnist__vit_b_16_imagenet1k_v1__d64,pathmnist,vit_b_16_imagenet1k_v1,64,mean_pairwise_expected_margin,maximize,1.0,45.02275331937565,True
cifar100__resnet18_imagenet1k_v1__d128,cifar100,resnet18_imagenet1k_v1,128,nll_control,minimize,0.0,-19.631448682638855,False
cifar100__resnet18_imagenet1k_v1__d128,cifar100,resnet18_imagenet1k_v1,128,nll_control,minimize,0.1,-23.51026854805042,False
cifar100__resnet18_imagenet1k_v1__d128,cifar100,resnet18_imagenet1k_v1,128,nll_control,minimize,0.2,-25.735570786265402,False
cifar100__resnet18_imagenet1k_v1__d128,cifar100,resnet18_imagenet1k_v1,128,nll_control,minimize,0.3,-27.345168572436723,False
cifar100__resnet18_imagenet1k_v1__d128,cifar100,resnet18_imagenet1k_v1,128,nll_control,minimize,0.4,-28.612150289744726,False
cifar100__resnet18_imagenet1k_v1__d128,cifar100,resnet18_imagenet1k_v1,128,nll_control,minimize,0.5,-29.62448735607004,False
cifar100__resnet18_imagenet1k_v1__d128,cifar100,resnet18_imagenet1k_v1,128,nll_control,minimize,0.6,-30.381140623667484,False
cifar100__resnet18_imagenet1k_v1__d128,cifar100,resnet18_imagenet1k_v1,128,nll_control,minimize,0.7,-30.799839978168627,True
cifar100__resnet18_imagenet1k_v1__d128,cifar100,resnet18_imagenet1k_v1,128,nll_control,minimize,0.8,-30.66769369623596,False
cifar100__resnet18_imagenet1k_v1__d128,cifar100,resnet18_imagenet1k_v1,128,nll_control,minimize,0.9,-29.464800936115576,False
cifar100__resnet18_imagenet1k_v1__d128,cifar100,resnet18_imagenet1k_v1,128,nll_control,minimize,1.0,-25.624891219163658,False
cifar100__resnet18_imagenet1k_v1__d64,cifar100,resnet18_imagenet1k_v1,64,nll_control,minimize,0.0,-2.2896344694336497,False
cifar100__resnet18_imagenet1k_v1__d64,cifar100,resnet18_imagenet1k_v1,64,nll_control,minimize,0.1,-3.7379590231526914,False
cifar100__resnet18_imagenet1k_v1__d64,cifar100,resnet18_imagenet1k_v1,64,nll_control,minimize,0.2,-4.670751051689292,False
cifar100__resnet18_imagenet1k_v1__d64,cifar100,resnet18_imagenet1k_v1,64,nll_control,minimize,0.3,-5.367247869330721,False
cifar100__resnet18_imagenet1k_v1__d64,cifar100,resnet18_imagenet1k_v1,64,nll_control,minimize,0.4,-5.921347749115381,False
cifar100__resnet18_imagenet1k_v1__d64,cifar100,resnet18_imagenet1k_v1,64,nll_control,minimize,0.5,-6.369891702301835,False
cifar100__resnet18_imagenet1k_v1__d64,cifar100,resnet18_imagenet1k_v1,64,nll_control,minimize,0.6,-6.721427019649623,False
cifar100__resnet18_imagenet1k_v1__d64,cifar100,resnet18_imagenet1k_v1,64,nll_control,minimize,0.7,-6.962189169930261,False
cifar100__resnet18_imagenet1k_v1__d64,cifar100,resnet18_imagenet1k_v1,64,nll_control,minimize,0.8,-7.050017046740163,True
cifar100__resnet18_imagenet1k_v1__d64,cifar100,resnet18_imagenet1k_v1,64,nll_control,minimize,0.9,-6.890382078136438,False
cifar100__resnet18_imagenet1k_v1__d64,cifar100,resnet18_imagenet1k_v1,64,nll_control,minimize,1.0,-6.258408118489983,False
cifar100__vit_b_16_imagenet1k_v1__d128,cifar100,vit_b_16_imagenet1k_v1,128,nll_control,minimize,0.0,-20.01034073113491,False
cifar100__vit_b_16_imagenet1k_v1__d128,cifar100,vit_b_16_imagenet1k_v1,128,nll_control,minimize,0.1,-25.27401400423551,False
cifar100__vit_b_16_imagenet1k_v1__d128,cifar100,vit_b_16_imagenet1k_v1,128,nll_control,minimize,0.2,-28.206231190946248,False
cifar100__vit_b_16_imagenet1k_v1__d128,cifar100,vit_b_16_imagenet1k_v1,128,nll_control,minimize,0.3,-30.299272505752782,False
cifar100__vit_b_16_imagenet1k_v1__d128,cifar100,vit_b_16_imagenet1k_v1,128,nll_control,minimize,0.4,-31.947083156260447,False
cifar100__vit_b_16_imagenet1k_v1__d128,cifar100,vit_b_16_imagenet1k_v1,128,nll_control,minimize,0.5,-33.27650609463588,False
cifar100__vit_b_16_imagenet1k_v1__d128,cifar100,vit_b_16_imagenet1k_v1,128,nll_control,minimize,0.6,-34.289770960644034,False
cifar100__vit_b_16_imagenet1k_v1__d128,cifar100,vit_b_16_imagenet1k_v1,128,nll_control,minimize,0.7,-34.8748984836772,True
cifar100__vit_b_16_imagenet1k_v1__d128,cifar100,vit_b_16_imagenet1k_v1,128,nll_control,minimize,0.8,-34.72719024120065,False
cifar100__vit_b_16_imagenet1k_v1__d128,cifar100,vit_b_16_imagenet1k_v1,128,nll_control,minimize,0.9,-33.05593036617137,False
cifar100__vit_b_16_imagenet1k_v1__d128,cifar100,vit_b_16_imagenet1k_v1,128,nll_control,minimize,1.0,-27.242158788286936,False
cifar100__vit_b_16_imagenet1k_v1__d64,cifar100,vit_b_16_imagenet1k_v1,64,nll_control,minimize,0.0,-5.758167429840297,False
cifar100__vit_b_16_imagenet1k_v1__d64,cifar100,vit_b_16_imagenet1k_v1,64,nll_control,minimize,0.1,-7.507757063039321,False
cifar100__vit_b_16_imagenet1k_v1__d64,cifar100,vit_b_16_imagenet1k_v1,64,nll_control,minimize,0.2,-8.638044069097944,False
cifar100__vit_b_16_imagenet1k_v1__d64,cifar100,vit_b_16_imagenet1k_v1,64,nll_control,minimize,0.3,-9.478503135453128,False
cifar100__vit_b_16_imagenet1k_v1__d64,cifar100,vit_b_16_imagenet1k_v1,64,nll_control,minimize,0.4,-10.146367135469287,False
cifar100__vit_b_16_imagenet1k_v1__d64,cifar100,vit_b_16_imagenet1k_v1,64,nll_control,minimize,0.5,-10.688249091850217,False
cifar100__vit_b_16_imagenet1k_v1__d64,cifar100,vit_b_16_imagenet1k_v1,64,nll_control,minimize,0.6,-11.115024672043752,False
cifar100__vit_b_16_imagenet1k_v1__d64,cifar100,vit_b_16_imagenet1k_v1,64,nll_control,minimize,0.7,-11.408754922731724,False
cifar100__vit_b_16_imagenet1k_v1__d64,cifar100,vit_b_16_imagenet1k_v1,64,nll_control,minimize,0.8,-11.513335937137281,True
cifar100__vit_b_16_imagenet1k_v1__d64,cifar100,vit_b_16_imagenet1k_v1,64,nll_control,minimize,0.9,-11.298664084474439,False
cifar100__vit_b_16_imagenet1k_v1__d64,cifar100,vit_b_16_imagenet1k_v1,64,nll_control,minimize,1.0,-10.439963918092761,False
dermamnist__resnet18_imagenet1k_v1__d128,dermamnist,resnet18_imagenet1k_v1,128,nll_control,minimize,0.0,-128.29433035251319,False
dermamnist__resnet18_imagenet1k_v1__d128,dermamnist,resnet18_imagenet1k_v1,128,nll_control,minimize,0.1,-129.6701407841622,False
dermamnist__resnet18_imagenet1k_v1__d128,dermamnist,resnet18_imagenet1k_v1,128,nll_control,minimize,0.2,-130.34572199061074,False
dermamnist__resnet18_imagenet1k_v1__d128,dermamnist,resnet18_imagenet1k_v1,128,nll_control,minimize,0.3,-130.76748292041876,False
dermamnist__resnet18_imagenet1k_v1__d128,dermamnist,resnet18_imagenet1k_v1,128,nll_control,minimize,0.4,-131.0126649030591,False
dermamnist__resnet18_imagenet1k_v1__d128,dermamnist,resnet18_imagenet1k_v1,128,nll_control,minimize,0.5,-131.07189696128154,True
dermamnist__resnet18_imagenet1k_v1__d128,dermamnist,resnet18_imagenet1k_v1,128,nll_control,minimize,0.6,-130.87563270439134,False
dermamnist__resnet18_imagenet1k_v1__d128,dermamnist,resnet18_imagenet1k_v1,128,nll_control,minimize,0.7,-130.26513046890864,False
dermamnist__resnet18_imagenet1k_v1__d128,dermamnist,resnet18_imagenet1k_v1,128,nll_control,minimize,0.8,-128.8810446302761,False
dermamnist__resnet18_imagenet1k_v1__d128,dermamnist,resnet18_imagenet1k_v1,128,nll_control,minimize,0.9,-125.72329242257098,False
dermamnist__resnet18_imagenet1k_v1__d128,dermamnist,resnet18_imagenet1k_v1,128,nll_control,minimize,1.0,-115.0852563446228,False
dermamnist__resnet18_imagenet1k_v1__d64,dermamnist,resnet18_imagenet1k_v1,64,nll_control,minimize,0.0,-53.353231559634295,False
dermamnist__resnet18_imagenet1k_v1__d64,dermamnist,resnet18_imagenet1k_v1,64,nll_control,minimize,0.1,-54.03933376706625,False
dermamnist__resnet18_imagenet1k_v1__d64,dermamnist,resnet18_imagenet1k_v1,64,nll_control,minimize,0.2,-54.448568850261594,False
dermamnist__resnet18_imagenet1k_v1__d64,dermamnist,resnet18_imagenet1k_v1,64,nll_control,minimize,0.3,-54.734993375875014,False
dermamnist__resnet18_imagenet1k_v1__d64,dermamnist,resnet18_imagenet1k_v1,64,nll_control,minimize,0.4,-54.937618558520924,False
dermamnist__resnet18_imagenet1k_v1__d64,dermamnist,resnet18_imagenet1k_v1,64,nll_control,minimize,0.5,-55.060157063971374,False
dermamnist__resnet18_imagenet1k_v1__d64,dermamnist,resnet18_imagenet1k_v1,64,nll_control,minimize,0.6,-55.08229078449326,True
dermamnist__resnet18_imagenet1k_v1__d64,dermamnist,resnet18_imagenet1k_v1,64,nll_control,minimize,0.7,-54.95114638209449,False
dermamnist__resnet18_imagenet1k_v1__d64,dermamnist,resnet18_imagenet1k_v1,64,nll_control,minimize,0.8,-54.54509277228432,False
dermamnist__resnet18_imagenet1k_v1__d64,dermamnist,resnet18_imagenet1k_v1,64,nll_control,minimize,0.9,-53.53409623598995,False
dermamnist__resnet18_imagenet1k_v1__d64,dermamnist,resnet18_imagenet1k_v1,64,nll_control,minimize,1.0,-50.16056627959172,False
dermamnist__vit_b_16_imagenet1k_v1__d128,dermamnist,vit_b_16_imagenet1k_v1,128,nll_control,minimize,0.0,-103.26834923660057,False
dermamnist__vit_b_16_imagenet1k_v1__d128,dermamnist,vit_b_16_imagenet1k_v1,128,nll_control,minimize,0.1,-104.82192528462275,False
dermamnist__vit_b_16_imagenet1k_v1__d128,dermamnist,vit_b_16_imagenet1k_v1,128,nll_control,minimize,0.2,-105.59928483543139,False
dermamnist__vit_b_16_imagenet1k_v1__d128,dermamnist,vit_b_16_imagenet1k_v1,128,nll_control,minimize,0.3,-106.03873773105825,False
dermamnist__vit_b_16_imagenet1k_v1__d128,dermamnist,vit_b_16_imagenet1k_v1,128,nll_control,minimize,0.4,-106.23477003178155,True
dermamnist__vit_b_16_imagenet1k_v1__d128,dermamnist,vit_b_16_imagenet1k_v1,128,nll_control,minimize,0.5,-106.17806327653139,False
dermamnist__vit_b_16_imagenet1k_v1__d128,dermamnist,vit_b_16_imagenet1k_v1,128,nll_control,minimize,0.6,-105.78098086137992,False
dermamnist__vit_b_16_imagenet1k_v1__d128,dermamnist,vit_b_16_imagenet1k_v1,128,nll_control,minimize,0.7,-104.83658481305946,False
dermamnist__vit_b_16_imagenet1k_v1__d128,dermamnist,vit_b_16_imagenet1k_v1,128,nll_control,minimize,0.8,-102.86314197339809,False
dermamnist__vit_b_16_imagenet1k_v1__d128,dermamnist,vit_b_16_imagenet1k_v1,128,nll_control,minimize,0.9,-98.46673727528164,False
dermamnist__vit_b_16_imagenet1k_v1__d128,dermamnist,vit_b_16_imagenet1k_v1,128,nll_control,minimize,1.0,-83.10041905461897,False
dermamnist__vit_b_16_imagenet1k_v1__d64,dermamnist,vit_b_16_imagenet1k_v1,64,nll_control,minimize,0.0,-41.6375615823662,False
dermamnist__vit_b_16_imagenet1k_v1__d64,dermamnist,vit_b_16_imagenet1k_v1,64,nll_control,minimize,0.1,-42.41085469241239,False
dermamnist__vit_b_16_imagenet1k_v1__d64,dermamnist,vit_b_16_imagenet1k_v1,64,nll_control,minimize,0.2,-42.86941939294921,False
dermamnist__vit_b_16_imagenet1k_v1__d64,dermamnist,vit_b_16_imagenet1k_v1,64,nll_control,minimize,0.3,-43.17251258459564,False
dermamnist__vit_b_16_imagenet1k_v1__d64,dermamnist,vit_b_16_imagenet1k_v1,64,nll_control,minimize,0.4,-43.36650166543945,False
dermamnist__vit_b_16_imagenet1k_v1__d64,dermamnist,vit_b_16_imagenet1k_v1,64,nll_control,minimize,0.5,-43.45771530566415,True
dermamnist__vit_b_16_imagenet1k_v1__d64,dermamnist,vit_b_16_imagenet1k_v1,64,nll_control,minimize,0.6,-43.423797103972404,False
dermamnist__vit_b_16_imagenet1k_v1__d64,dermamnist,vit_b_16_imagenet1k_v1,64,nll_control,minimize,0.7,-43.203245212568504,False
dermamnist__vit_b_16_imagenet1k_v1__d64,dermamnist,vit_b_16_imagenet1k_v1,64,nll_control,minimize,0.8,-42.65184553747979,False
dermamnist__vit_b_16_imagenet1k_v1__d64,dermamnist,vit_b_16_imagenet1k_v1,64,nll_control,minimize,0.9,-41.37630194956022,False
dermamnist__vit_b_16_imagenet1k_v1__d64,dermamnist,vit_b_16_imagenet1k_v1,64,nll_control,minimize,1.0,-37.522597714923386,False
eurosat__resnet18_imagenet1k_v1__d128,eurosat,resnet18_imagenet1k_v1,128,nll_control,minimize,0.0,-77.34659964754037,False
eurosat__resnet18_imagenet1k_v1__d128,eurosat,resnet18_imagenet1k_v1,128,nll_control,minimize,0.1,-80.90340135824998,False
eurosat__resnet18_imagenet1k_v1__d128,eurosat,resnet18_imagenet1k_v1,128,nll_control,minimize,0.2,-83.56190844186257,False
eurosat__resnet18_imagenet1k_v1__d128,eurosat,resnet18_imagenet1k_v1,128,nll_control,minimize,0.3,-85.79951611236123,False
eurosat__resnet18_imagenet1k_v1__d128,eurosat,resnet18_imagenet1k_v1,128,nll_control,minimize,0.4,-87.83029656486593,False
eurosat__resnet18_imagenet1k_v1__d128,eurosat,resnet18_imagenet1k_v1,128,nll_control,minimize,0.5,-89.77364865111971,False
eurosat__resnet18_imagenet1k_v1__d128,eurosat,resnet18_imagenet1k_v1,128,nll_control,minimize,0.6,-91.70903280760007,False
eurosat__resnet18_imagenet1k_v1__d128,eurosat,resnet18_imagenet1k_v1,128,nll_control,minimize,0.7,-93.69959536312766,False
eurosat__resnet18_imagenet1k_v1__d128,eurosat,resnet18_imagenet1k_v1,128,nll_control,minimize,0.8,-95.80606692333791,False
eurosat__resnet18_imagenet1k_v1__d128,eurosat,resnet18_imagenet1k_v1,128,nll_control,minimize,0.9,-98.09923723916461,False
eurosat__resnet18_imagenet1k_v1__d128,eurosat,resnet18_imagenet1k_v1,128,nll_control,minimize,1.0,-100.65362676886977,True
eurosat__resnet18_imagenet1k_v1__d64,eurosat,resnet18_imagenet1k_v1,64,nll_control,minimize,0.0,-30.88540984542791,False
eurosat__resnet18_imagenet1k_v1__d64,eurosat,resnet18_imagenet1k_v1,64,nll_control,minimize,0.1,-32.46599967325672,False
eurosat__resnet18_imagenet1k_v1__d64,eurosat,resnet18_imagenet1k_v1,64,nll_control,minimize,0.2,-33.70982965615519,False
eurosat__resnet18_imagenet1k_v1__d64,eurosat,resnet18_imagenet1k_v1,64,nll_control,minimize,0.3,-34.77908376855325,False
eurosat__resnet18_imagenet1k_v1__d64,eurosat,resnet18_imagenet1k_v1,64,nll_control,minimize,0.4,-35.756672989937016,False
eurosat__resnet18_imagenet1k_v1__d64,eurosat,resnet18_imagenet1k_v1,64,nll_control,minimize,0.5,-36.6929201106108,False
eurosat__resnet18_imagenet1k_v1__d64,eurosat,resnet18_imagenet1k_v1,64,nll_control,minimize,0.6,-37.623428207759986,False
eurosat__resnet18_imagenet1k_v1__d64,eurosat,resnet18_imagenet1k_v1,64,nll_control,minimize,0.7,-38.57783896580724,False
eurosat__resnet18_imagenet1k_v1__d64,eurosat,resnet18_imagenet1k_v1,64,nll_control,minimize,0.8,-39.585695695678005,False
eurosat__resnet18_imagenet1k_v1__d64,eurosat,resnet18_imagenet1k_v1,64,nll_control,minimize,0.9,-40.68229505054387,False
eurosat__resnet18_imagenet1k_v1__d64,eurosat,resnet18_imagenet1k_v1,64,nll_control,minimize,1.0,-41.90531251143831,True
eurosat__vit_b_16_imagenet1k_v1__d128,eurosat,vit_b_16_imagenet1k_v1,128,nll_control,minimize,0.0,-39.28768560807494,False
eurosat__vit_b_16_imagenet1k_v1__d128,eurosat,vit_b_16_imagenet1k_v1,128,nll_control,minimize,0.1,-42.6116770804217,False
eurosat__vit_b_16_imagenet1k_v1__d128,eurosat,vit_b_16_imagenet1k_v1,128,nll_control,minimize,0.2,-45.11680898137887,False
eurosat__vit_b_16_imagenet1k_v1__d128,eurosat,vit_b_16_imagenet1k_v1,128,nll_control,minimize,0.3,-47.21292675154908,False
eurosat__vit_b_16_imagenet1k_v1__d128,eurosat,vit_b_16_imagenet1k_v1,128,nll_control,minimize,0.4,-49.08938773643835,False
eurosat__vit_b_16_imagenet1k_v1__d128,eurosat,vit_b_16_imagenet1k_v1,128,nll_control,minimize,0.5,-50.85075939655421,False
eurosat__vit_b_16_imagenet1k_v1__d128,eurosat,vit_b_16_imagenet1k_v1,128,nll_control,minimize,0.6,-52.56210591564419,False
eurosat__vit_b_16_imagenet1k_v1__d128,eurosat,vit_b_16_imagenet1k_v1,128,nll_control,minimize,0.7,-54.26695685790017,False
eurosat__vit_b_16_imagenet1k_v1__d128,eurosat,vit_b_16_imagenet1k_v1,128,nll_control,minimize,0.8,-55.99294459450316,False
eurosat__vit_b_16_imagenet1k_v1__d128,eurosat,vit_b_16_imagenet1k_v1,128,nll_control,minimize,0.9,-57.74240679229986,False
eurosat__vit_b_16_imagenet1k_v1__d128,eurosat,vit_b_16_imagenet1k_v1,128,nll_control,minimize,1.0,-59.394615593621424,True
eurosat__vit_b_16_imagenet1k_v1__d64,eurosat,vit_b_16_imagenet1k_v1,64,nll_control,minimize,0.0,-14.132052943719023,False
eurosat__vit_b_16_imagenet1k_v1__d64,eurosat,vit_b_16_imagenet1k_v1,64,nll_control,minimize,0.1,-15.463799672961821,False
eurosat__vit_b_16_imagenet1k_v1__d64,eurosat,vit_b_16_imagenet1k_v1,64,nll_control,minimize,0.2,-16.525248953320933,False
eurosat__vit_b_16_imagenet1k_v1__d64,eurosat,vit_b_16_imagenet1k_v1,64,nll_control,minimize,0.3,-17.436176536623904,False
eurosat__vit_b_16_imagenet1k_v1__d64,eurosat,vit_b_16_imagenet1k_v1,64,nll_control,minimize,0.4,-18.259552482751822,False
eurosat__vit_b_16_imagenet1k_v1__d64,eurosat,vit_b_16_imagenet1k_v1,64,nll_control,minimize,0.5,-19.033138573462494,False
eurosat__vit_b_16_imagenet1k_v1__d64,eurosat,vit_b_16_imagenet1k_v1,64,nll_control,minimize,0.6,-19.781770797972904,False
eurosat__vit_b_16_imagenet1k_v1__d64,eurosat,vit_b_16_imagenet1k_v1,64,nll_control,minimize,0.7,-20.522643811305414,False
eurosat__vit_b_16_imagenet1k_v1__d64,eurosat,vit_b_16_imagenet1k_v1,64,nll_control,minimize,0.8,-21.266780568393735,False
eurosat__vit_b_16_imagenet1k_v1__d64,eurosat,vit_b_16_imagenet1k_v1,64,nll_control,minimize,0.9,-22.014840208637334,False
eurosat__vit_b_16_imagenet1k_v1__d64,eurosat,vit_b_16_imagenet1k_v1,64,nll_control,minimize,1.0,-22.724050321784986,True
pathmnist__resnet18_imagenet1k_v1__d128,pathmnist,resnet18_imagenet1k_v1,128,nll_control,minimize,0.0,-112.11751660789237,False
pathmnist__resnet18_imagenet1k_v1__d128,pathmnist,resnet18_imagenet1k_v1,128,nll_control,minimize,0.1,-115.1231423005946,False
pathmnist__resnet18_imagenet1k_v1__d128,pathmnist,resnet18_imagenet1k_v1,128,nll_control,minimize,0.2,-117.28544642270528,False
pathmnist__resnet18_imagenet1k_v1__d128,pathmnist,resnet18_imagenet1k_v1,128,nll_control,minimize,0.3,-119.0674767704974,False
pathmnist__resnet18_imagenet1k_v1__d128,pathmnist,resnet18_imagenet1k_v1,128,nll_control,minimize,0.4,-120.65346161974864,False
pathmnist__resnet18_imagenet1k_v1__d128,pathmnist,resnet18_imagenet1k_v1,128,nll_control,minimize,0.5,-122.13770506269822,False
pathmnist__resnet18_imagenet1k_v1__d128,pathmnist,resnet18_imagenet1k_v1,128,nll_control,minimize,0.6,-123.57654988634212,False
pathmnist__resnet18_imagenet1k_v1__d128,pathmnist,resnet18_imagenet1k_v1,128,nll_control,minimize,0.7,-125.00747603257717,False
pathmnist__resnet18_imagenet1k_v1__d128,pathmnist,resnet18_imagenet1k_v1,128,nll_control,minimize,0.8,-126.4562663961593,False
pathmnist__resnet18_imagenet1k_v1__d128,pathmnist,resnet18_imagenet1k_v1,128,nll_control,minimize,0.9,-127.93422592197516,False
pathmnist__resnet18_imagenet1k_v1__d128,pathmnist,resnet18_imagenet1k_v1,128,nll_control,minimize,1.0,-129.38657595988093,True
pathmnist__resnet18_imagenet1k_v1__d64,pathmnist,resnet18_imagenet1k_v1,64,nll_control,minimize,0.0,-47.245424369239,False
pathmnist__resnet18_imagenet1k_v1__d64,pathmnist,resnet18_imagenet1k_v1,64,nll_control,minimize,0.1,-48.61859146025718,False
pathmnist__resnet18_imagenet1k_v1__d64,pathmnist,resnet18_imagenet1k_v1,64,nll_control,minimize,0.2,-49.6334806414572,False
pathmnist__resnet18_imagenet1k_v1__d64,pathmnist,resnet18_imagenet1k_v1,64,nll_control,minimize,0.3,-50.474193260810964,False
pathmnist__resnet18_imagenet1k_v1__d64,pathmnist,resnet18_imagenet1k_v1,64,nll_control,minimize,0.4,-51.2182295684707,False
pathmnist__resnet18_imagenet1k_v1__d64,pathmnist,resnet18_imagenet1k_v1,64,nll_control,minimize,0.5,-51.90621856743747,False
pathmnist__resnet18_imagenet1k_v1__d64,pathmnist,resnet18_imagenet1k_v1,64,nll_control,minimize,0.6,-52.56211218709282,False
pathmnist__resnet18_imagenet1k_v1__d64,pathmnist,resnet18_imagenet1k_v1,64,nll_control,minimize,0.7,-53.200648402846895,False
pathmnist__resnet18_imagenet1k_v1__d64,pathmnist,resnet18_imagenet1k_v1,64,nll_control,minimize,0.8,-53.829689889063054,False
pathmnist__resnet18_imagenet1k_v1__d64,pathmnist,resnet18_imagenet1k_v1,64,nll_control,minimize,0.9,-54.44777311593465,False
pathmnist__resnet18_imagenet1k_v1__d64,pathmnist,resnet18_imagenet1k_v1,64,nll_control,minimize,1.0,-55.02406005412786,True
pathmnist__vit_b_16_imagenet1k_v1__d128,pathmnist,vit_b_16_imagenet1k_v1,128,nll_control,minimize,0.0,-101.10713665386201,False
pathmnist__vit_b_16_imagenet1k_v1__d128,pathmnist,vit_b_16_imagenet1k_v1,128,nll_control,minimize,0.1,-105.04021548511167,False
pathmnist__vit_b_16_imagenet1k_v1__d128,pathmnist,vit_b_16_imagenet1k_v1,128,nll_control,minimize,0.2,-107.83947806841094,False
pathmnist__vit_b_16_imagenet1k_v1__d128,pathmnist,vit_b_16_imagenet1k_v1,128,nll_control,minimize,0.3,-110.1451933024725,False
pathmnist__vit_b_16_imagenet1k_v1__d128,pathmnist,vit_b_16_imagenet1k_v1,128,nll_control,minimize,0.4,-112.20813644442686,False
pathmnist__vit_b_16_imagenet1k_v1__d128,pathmnist,vit_b_16_imagenet1k_v1,128,nll_control,minimize,0.5,-114.15687154484124,False
pathmnist__vit_b_16_imagenet1k_v1__d128,pathmnist,vit_b_16_imagenet1k_v1,128,nll_control,minimize,0.6,-116.0699943365613,False
pathmnist__vit_b_16_imagenet1k_v1__d128,pathmnist,vit_b_16_imagenet1k_v1,128,nll_control,minimize,0.7,-118.00291248196802,False
pathmnist__vit_b_16_imagenet1k_v1__d128,pathmnist,vit_b_16_imagenet1k_v1,128,nll_control,minimize,0.8,-119.998917589835,False
pathmnist__vit_b_16_imagenet1k_v1__d128,pathmnist,vit_b_16_imagenet1k_v1,128,nll_control,minimize,0.9,-122.08824313349533,False
pathmnist__vit_b_16_imagenet1k_v1__d128,pathmnist,vit_b_16_imagenet1k_v1,128,nll_control,minimize,1.0,-124.22315494596157,True
pathmnist__vit_b_16_imagenet1k_v1__d64,pathmnist,vit_b_16_imagenet1k_v1,64,nll_control,minimize,0.0,-42.98595797629437,False
pathmnist__vit_b_16_imagenet1k_v1__d64,pathmnist,vit_b_16_imagenet1k_v1,64,nll_control,minimize,0.1,-44.716699581350966,False
pathmnist__vit_b_16_imagenet1k_v1__d64,pathmnist,vit_b_16_imagenet1k_v1,64,nll_control,minimize,0.2,-45.99145221047975,False
pathmnist__vit_b_16_imagenet1k_v1__d64,pathmnist,vit_b_16_imagenet1k_v1,64,nll_control,minimize,0.3,-47.04866887844055,False
pathmnist__vit_b_16_imagenet1k_v1__d64,pathmnist,vit_b_16_imagenet1k_v1,64,nll_control,minimize,0.4,-47.98908296271552,False
pathmnist__vit_b_16_imagenet1k_v1__d64,pathmnist,vit_b_16_imagenet1k_v1,64,nll_control,minimize,0.5,-48.8657060341435,False
pathmnist__vit_b_16_imagenet1k_v1__d64,pathmnist,vit_b_16_imagenet1k_v1,64,nll_control,minimize,0.6,-49.7102770727149,False
pathmnist__vit_b_16_imagenet1k_v1__d64,pathmnist,vit_b_16_imagenet1k_v1,64,nll_control,minimize,0.7,-50.543097277924446,False
pathmnist__vit_b_16_imagenet1k_v1__d64,pathmnist,vit_b_16_imagenet1k_v1,64,nll_control,minimize,0.8,-51.37621422269521,False
pathmnist__vit_b_16_imagenet1k_v1__d64,pathmnist,vit_b_16_imagenet1k_v1,64,nll_control,minimize,0.9,-52.21038758924625,False
pathmnist__vit_b_16_imagenet1k_v1__d64,pathmnist,vit_b_16_imagenet1k_v1,64,nll_control,minimize,1.0,-53.008738658405,True
