pair_id,condition_id,bank_id,dataset_id,modality,encoder_id,projection_dim,intervention,n_reflected_classes,n_classes,counts_equal,t2_comm_norm_diff,t2_model_norm_diff,max_head_parameter_norm_diff,phase1_object_recovery_norm_error,optimal_tau_set_original,optimal_tau_set_counterfactual,optimal_sets_disjoint,deterministic_pair_minimax_regret,randomized_pair_minimax_regret,curve_linf_shift,best_bacc_original,best_bacc_counterfactual,diag_m3_distance,sketch_m3_distance,sketch_m4_distance,diag_m3_aggregation_norm_error,sketch_m3_aggregation_norm_error,diag_m3_upload_ratio_vs_t2,sketch_m3_upload_ratio_vs_t2,present_client_class_pairs
cifar100__resnet18_imagenet1k_v1__d64__all_reflect,cifar100__resnet18_imagenet1k_v1__d64,cifar100__resnet18_imagenet1k_v1,cifar100,nonmedical,resnet18_imagenet1k_v1,64,all_reflect,100,100,True,5.841611230650211e-15,5.554568057456165e-14,5.36485530252324e-14,3.6361016398951865e-14,[0.5],[0.6],True,0.0011999999999999789,0.0006240000000000636,0.29969999999999997,0.568,0.8655000000000002,0.4425514347667434,0.4119733745869462,4.577563058379366e-13,8.681488790520938e-16,9.547594823659197e-16,1.0298229263746506,1.0074557315936625,859
cifar100__resnet18_imagenet1k_v1__d64__hash_half_reflect,cifar100__resnet18_imagenet1k_v1__d64,cifar100__resnet18_imagenet1k_v1,cifar100,nonmedical,resnet18_imagenet1k_v1,64,hash_half_reflect,44,100,True,5.841611230650218e-15,4.508131829695631e-14,4.3592639660845364e-14,3.6361016398951865e-14,[0.5],[0.5],False,0.0,0.0,0.12940000000000007,0.568,0.6972999999999999,0.2809092105148602,0.25451063406426166,3.137582061970419e-13,8.681488790520938e-16,9.547594823659197e-16,1.0298229263746506,1.0074557315936625,859
cifar100__resnet18_imagenet1k_v1__d128__all_reflect,cifar100__resnet18_imagenet1k_v1__d128,cifar100__resnet18_imagenet1k_v1,cifar100,nonmedical,resnet18_imagenet1k_v1,128,all_reflect,100,100,True,4.679394976389624e-15,5.255294644718644e-14,5.091855598464127e-14,2.512986348292733e-14,[0.3],[0.4],True,0.0008999999999999009,0.000494999999999968,0.3277,0.6311,0.9577,0.4284525759318266,0.40052577102598896,3.205607450255831e-13,1.0718779042398291e-15,1.1392884415366783e-15,1.015263534462199,1.0019079418077748,859
cifar100__resnet18_imagenet1k_v1__d128__hash_half_reflect,cifar100__resnet18_imagenet1k_v1__d128,cifar100__resnet18_imagenet1k_v1,cifar100,nonmedical,resnet18_imagenet1k_v1,128,hash_half_reflect,39,100,True,4.679394976389624e-15,5.255294644718644e-14,5.091855598464127e-14,2.512986348292733e-14,[0.3],[0.3],False,0.0,0.0,0.13150000000000006,0.6311,0.7626000000000001,0.27146991063125436,0.25483650039950145,1.838377320493324e-13,1.0718779042398291e-15,1.1392884415366783e-15,1.015263534462199,1.0019079418077748,859
cifar100__vit_b_16_imagenet1k_v1__d64__all_reflect,cifar100__vit_b_16_imagenet1k_v1__d64,cifar100__vit_b_16_imagenet1k_v1,cifar100,nonmedical,vit_b_16_imagenet1k_v1,64,all_reflect,100,100,True,4.362008280243673e-15,7.327471962526033e-15,7.327471962526033e-15,8.659739592076221e-15,[0.4],[0.6],True,0.0010999999999999899,0.0006500000000000066,0.23529999999999995,0.7051999999999999,0.9384999999999999,0.5221972541414758,0.5431667995533613,3.537285375209472e-14,6.630980407010881e-16,4.2895937787502313e-16,1.0298229263746506,1.0074557315936625,871
cifar100__vit_b_16_imagenet1k_v1__d64__hash_half_reflect,cifar100__vit_b_16_imagenet1k_v1__d64,cifar100__vit_b_16_imagenet1k_v1,cifar100,nonmedical,vit_b_16_imagenet1k_v1,64,hash_half_reflect,51,100,True,4.362008280243673e-15,7.271960811294775e-15,7.271960811294775e-15,8.659739592076221e-15,[0.4],[0.5],True,0.00019999999999997797,0.00018787878787876924,0.11670000000000003,0.7051999999999999,0.8212,0.3776858617872934,0.40354883121755264,2.9709617924713336e-14,6.630980407010881e-16,4.2895937787502313e-16,1.0298229263746506,1.0074557315936625,871
cifar100__vit_b_16_imagenet1k_v1__d128__all_reflect,cifar100__vit_b_16_imagenet1k_v1__d128,cifar100__vit_b_16_imagenet1k_v1,cifar100,nonmedical,vit_b_16_imagenet1k_v1,128,all_reflect,100,100,True,4.08853213177657e-15,7.521760991835436e-15,7.494005416219807e-15,7.271960811294775e-15,[0.4],[0.3],True,0.0010999999999999899,0.0007542857142857382,0.22810000000000008,0.7577000000000002,0.9833999999999999,0.521791794268295,0.5254952833996069,5.572901465020396e-14,1.1668048579227613e-15,5.825374068549892e-16,1.015263534462199,1.0019079418077748,871
cifar100__vit_b_16_imagenet1k_v1__d128__hash_half_reflect,cifar100__vit_b_16_imagenet1k_v1__d128,cifar100__vit_b_16_imagenet1k_v1,cifar100,nonmedical,vit_b_16_imagenet1k_v1,128,hash_half_reflect,53,100,True,4.08853213177657e-15,7.521760991835436e-15,7.494005416219807e-15,7.271960811294775e-15,[0.4],[0.4],False,0.0,0.0,0.12030000000000007,0.7577000000000002,0.8760999999999999,0.38362074804949803,0.38663921093738207,3.7030606505824415e-14,1.1668048579227613e-15,5.825374068549892e-16,1.015263534462199,1.0019079418077748,871
dermamnist__resnet18_imagenet1k_v1__d64__all_reflect,dermamnist__resnet18_imagenet1k_v1__d64,dermamnist__resnet18_imagenet1k_v1,dermamnist,medical,resnet18_imagenet1k_v1,64,all_reflect,7,7,True,1.4032098522935678e-14,1.637578961322106e-14,1.637578961322106e-14,2.4091839634365897e-14,[0.6],[0.6],False,0.0,0.0,0.2038670908668776,0.4564154000460593,0.6546107418792805,1.2852792250917895,1.2797649203466777,4.626411966944073e-13,3.022014943973052e-15,4.60431206619817e-16,1.0298229263746506,1.0074557315936625,57
dermamnist__resnet18_imagenet1k_v1__d64__hash_half_reflect,dermamnist__resnet18_imagenet1k_v1__d64,dermamnist__resnet18_imagenet1k_v1,dermamnist,medical,resnet18_imagenet1k_v1,64,hash_half_reflect,4,7,True,1.4032098522935678e-14,1.554312234475219e-14,1.554312234475219e-14,2.4091839634365897e-14,[0.6],[0.7],True,0.0018969737067193737,0.0014896792878313992,0.16612271397256895,0.4564154000460593,0.6155999329156904,0.8897825130524606,0.8511215708370495,3.5723323892110173e-13,3.022014943973052e-15,4.60431206619817e-16,1.0298229263746506,1.0074557315936625,57
dermamnist__resnet18_imagenet1k_v1__d128__all_reflect,dermamnist__resnet18_imagenet1k_v1__d128,dermamnist__resnet18_imagenet1k_v1,dermamnist,medical,resnet18_imagenet1k_v1,128,all_reflect,7,7,True,1.2119186151678257e-14,2.90878432451791e-14,2.90878432451791e-14,3.6443070783320763e-14,[0.3],[0.3],False,0.0,0.0,0.2547934472145902,0.516266756949518,0.7692752432187542,1.2170078353565088,1.3206945048905903,5.603023943034205e-13,2.1814951126354077e-15,2.909195502041943e-15,1.015263534462199,1.0019079418077748,57
dermamnist__resnet18_imagenet1k_v1__d128__hash_half_reflect,dermamnist__resnet18_imagenet1k_v1__d128,dermamnist__resnet18_imagenet1k_v1,dermamnist,medical,resnet18_imagenet1k_v1,128,hash_half_reflect,3,7,True,1.2119186151678257e-14,2.90878432451791e-14,2.90878432451791e-14,3.6443070783320763e-14,[0.3],[0.3],False,0.0,0.0,0.07626244291390577,0.516266756949518,0.5804296887087226,0.7961406418465032,0.7916574214760884,3.5605646149157447e-13,2.1814951126354077e-15,2.909195502041943e-15,1.015263534462199,1.0019079418077748,57
dermamnist__vit_b_16_imagenet1k_v1__d64__all_reflect,dermamnist__vit_b_16_imagenet1k_v1__d64,dermamnist__vit_b_16_imagenet1k_v1,dermamnist,medical,vit_b_16_imagenet1k_v1,64,all_reflect,7,7,True,5.726051472486092e-15,1.0075273948473296e-14,1.0103029524088925e-14,1.0075273948473296e-14,[0.3],[0.5],True,0.012718509801067146,0.0099548404125702,0.23343063971436384,0.5197314472729933,0.7377362149840041,0.6407162363927099,0.6510612257060342,1.3039426450912056e-13,9.371303179325757e-16,2.655748770229868e-15,1.0298229263746506,1.0074557315936625,72
dermamnist__vit_b_16_imagenet1k_v1__d64__hash_half_reflect,dermamnist__vit_b_16_imagenet1k_v1__d64,dermamnist__vit_b_16_imagenet1k_v1,dermamnist,medical,vit_b_16_imagenet1k_v1,64,hash_half_reflect,1,7,True,5.726051472486092e-15,9.8879238130678e-15,9.8879238130678e-15,1.0075273948473296e-14,[0.3],[0.3],False,0.0,0.0,0.02183871311388086,0.5197314472729933,0.5382677208428238,0.23121168942262377,0.26890624565429017,1.0417577408090838e-13,9.371303179325757e-16,2.655748770229868e-15,1.0298229263746506,1.0074557315936625,72
dermamnist__vit_b_16_imagenet1k_v1__d128__all_reflect,dermamnist__vit_b_16_imagenet1k_v1__d128,dermamnist__vit_b_16_imagenet1k_v1,dermamnist,medical,vit_b_16_imagenet1k_v1,128,all_reflect,7,7,True,7.527880992054552e-15,2.015054789694659e-14,2.015054789694659e-14,1.201816424156732e-14,[0.5],[0.2],True,0.0022199145347368,0.002115803645145311,0.30090883262152,0.5607384952201379,0.8594274133069211,0.6350174582822041,0.6458993809542192,9.140816544422795e-14,3.0246494689759316e-15,1.8255644662585724e-15,1.015263534462199,1.0019079418077748,72
dermamnist__vit_b_16_imagenet1k_v1__d128__hash_half_reflect,dermamnist__vit_b_16_imagenet1k_v1__d128,dermamnist__vit_b_16_imagenet1k_v1,dermamnist,medical,vit_b_16_imagenet1k_v1,128,hash_half_reflect,2,7,True,1.5872038236259596e-16,4.246603069191224e-15,4.246603069191224e-15,1.201816424156732e-14,[0.5],[0.2],True,0.0022199145347368,0.0020752594345313916,0.12403538490495014,0.5607384952201379,0.6825539655903512,0.3909463617629991,0.4056890509507809,1.8249629428381027e-14,3.0246494689759316e-15,1.8255644662585724e-15,1.015263534462199,1.0019079418077748,72
eurosat__resnet18_imagenet1k_v1__d64__all_reflect,eurosat__resnet18_imagenet1k_v1__d64,eurosat__resnet18_imagenet1k_v1,eurosat,nonmedical,resnet18_imagenet1k_v1,64,all_reflect,10,10,True,5.894034210345944e-15,1.637578961322106e-14,1.637578961322106e-14,1.637578961322106e-14,[0.2],[0.6],True,0.0050000000000001155,0.003238002594033819,0.1256166666666667,0.8832000000000001,0.9918333333333333,1.1754921965374632,1.1891635003889265,1.2115395739912557e-12,1.975867017939992e-15,1.2236415344735517e-15,1.0298229263746506,1.0074557315936625,105
eurosat__resnet18_imagenet1k_v1__d64__hash_half_reflect,eurosat__resnet18_imagenet1k_v1__d64,eurosat__resnet18_imagenet1k_v1,eurosat,nonmedical,resnet18_imagenet1k_v1,64,hash_half_reflect,5,10,True,5.894034210345944e-15,1.637578961322106e-14,1.637578961322106e-14,1.637578961322106e-14,[0.2],[0.3],True,0.0002500000000001945,0.00019932432432443896,0.05153333333333343,0.8832000000000001,0.9254499999999999,0.5880071141679796,0.5561767092396616,1.1847133115185815e-12,1.975867017939992e-15,1.2236415344735517e-15,1.0298229263746506,1.0074557315936625,105
eurosat__resnet18_imagenet1k_v1__d128__all_reflect,eurosat__resnet18_imagenet1k_v1__d128,eurosat__resnet18_imagenet1k_v1,eurosat,nonmedical,resnet18_imagenet1k_v1,128,all_reflect,10,10,True,6.48903204935261e-15,1.865174681370263e-14,1.865174681370263e-14,1.765254609153999e-14,[0.2],[0.3],True,0.0004333333333332856,0.00040048590864913246,0.11936666666666673,0.9049999999999999,0.9987833333333332,1.1076484257566257,0.9982590693023521,2.134531920866969e-12,2.289867337613304e-15,2.427576715104217e-15,1.015263534462199,1.0019079418077748,105
eurosat__resnet18_imagenet1k_v1__d128__hash_half_reflect,eurosat__resnet18_imagenet1k_v1__d128,eurosat__resnet18_imagenet1k_v1,eurosat,nonmedical,resnet18_imagenet1k_v1,128,hash_half_reflect,2,10,True,5.426173351613822e-15,1.7763568394002505e-14,1.7763568394002505e-14,1.765254609153999e-14,[0.2],[0.2],False,0.0,0.0,0.028000000000000136,0.9049999999999999,0.9274333333333333,0.2664268676221049,0.24197905059677519,1.0638361870153739e-13,2.289867337613304e-15,2.427576715104217e-15,1.015263534462199,1.0019079418077748,105
eurosat__vit_b_16_imagenet1k_v1__d64__all_reflect,eurosat__vit_b_16_imagenet1k_v1__d64,eurosat__vit_b_16_imagenet1k_v1,eurosat,nonmedical,vit_b_16_imagenet1k_v1,64,all_reflect,10,10,True,7.583569983912566e-15,1.4432899320127035e-14,1.4432899320127035e-14,9.880984919163893e-15,[0.4],[0.9],True,0.0014166666666666217,0.0013900625978089907,0.11043333333333316,0.8816333333333333,0.9869499999999999,0.6685615796436544,0.6688618724960149,5.769443554959729e-14,1.1055764692185831e-15,1.6818513198388038e-15,1.0298229263746506,1.0074557315936625,97
eurosat__vit_b_16_imagenet1k_v1__d64__hash_half_reflect,eurosat__vit_b_16_imagenet1k_v1__d64,eurosat__vit_b_16_imagenet1k_v1,eurosat,nonmedical,vit_b_16_imagenet1k_v1,64,hash_half_reflect,7,10,True,7.434872533247614e-15,1.4432899320127035e-14,1.4432899320127035e-14,9.880984919163893e-15,[0.4],[0.7],True,0.0013499999999998513,0.0009860499265784556,0.08564999999999989,0.8816333333333333,0.9639999999999999,0.28066607143607064,0.2585045062065909,3.6885027618315874e-14,1.1055764692185831e-15,1.6818513198388038e-15,1.0298229263746506,1.0074557315936625,97
eurosat__vit_b_16_imagenet1k_v1__d128__all_reflect,eurosat__vit_b_16_imagenet1k_v1__d128,eurosat__vit_b_16_imagenet1k_v1,eurosat,nonmedical,vit_b_16_imagenet1k_v1,128,all_reflect,10,10,True,4.692106156983077e-15,1.3655743202889425e-14,1.3655743202889425e-14,8.715250743307479e-15,[0.2],[0.4],True,0.0007999999999999119,0.0006941176470587405,0.10081666666666678,0.9163166666666667,0.9994,0.6875369571082666,0.7013636867198101,1.802019917114525e-13,1.3652612934191724e-15,1.3662127229116853e-15,1.015263534462199,1.0019079418077748,97
eurosat__vit_b_16_imagenet1k_v1__d128__hash_half_reflect,eurosat__vit_b_16_imagenet1k_v1__d128,eurosat__vit_b_16_imagenet1k_v1,eurosat,nonmedical,vit_b_16_imagenet1k_v1,128,hash_half_reflect,9,10,True,4.692106156983077e-15,1.3655743202889425e-14,1.3655743202889425e-14,8.715250743307479e-15,[0.2],[0.4],True,0.0007999999999999119,0.0006695035460992137,0.09596666666666676,0.9163166666666667,0.9952333333333334,0.38530305401453496,0.31887527209446503,3.697467732958766e-14,1.3652612934191724e-15,1.3662127229116853e-15,1.015263534462199,1.0019079418077748,97
pathmnist__resnet18_imagenet1k_v1__d64__all_reflect,pathmnist__resnet18_imagenet1k_v1__d64,pathmnist__resnet18_imagenet1k_v1,pathmnist,medical,resnet18_imagenet1k_v1,64,all_reflect,9,9,True,1.9525620049024947e-14,5.589972928987663e-14,5.589972928987663e-14,5.440092820663267e-14,[0.1],[0.4],True,0.010806864866582,0.008594754921471569,0.23839322223448312,0.7349616657897087,0.9517668340405611,0.8319794744119959,0.7752459804603268,6.1286481061631045e-12,3.732794372525312e-15,7.869488998622839e-15,1.0298229263746506,1.0074557315936625,112
pathmnist__resnet18_imagenet1k_v1__d64__hash_half_reflect,pathmnist__resnet18_imagenet1k_v1__d64,pathmnist__resnet18_imagenet1k_v1,pathmnist,medical,resnet18_imagenet1k_v1,64,hash_half_reflect,7,9,True,1.2203512530640831e-14,4.106437412332298e-14,4.105049633551516e-14,5.440092820663267e-14,[0.1],[0.4],True,0.010806864866582,0.007750193218066302,0.18370483806873872,0.7349616657897087,0.8946312628171292,0.7655847671390066,0.7065844057882548,6.0316461545206425e-12,3.732794372525312e-15,7.869488998622839e-15,1.0298229263746506,1.0074557315936625,112
pathmnist__resnet18_imagenet1k_v1__d128__all_reflect,pathmnist__resnet18_imagenet1k_v1__d128,pathmnist__resnet18_imagenet1k_v1,pathmnist,medical,resnet18_imagenet1k_v1,128,all_reflect,9,9,True,1.7837091961457186e-14,6.453171330633722e-14,6.455946888195285e-14,6.086797732507421e-14,[0.1],[0.2],True,0.004342262668452612,0.003102211189441279,0.24351891781054313,0.7424205075144195,0.9789758371178752,0.817176404616309,0.8244996679759917,4.092871791178563e-12,6.298225224879518e-15,2.966478355680035e-15,1.015263534462199,1.0019079418077748,112
pathmnist__resnet18_imagenet1k_v1__d128__hash_half_reflect,pathmnist__resnet18_imagenet1k_v1__d128,pathmnist__resnet18_imagenet1k_v1,pathmnist,medical,resnet18_imagenet1k_v1,128,hash_half_reflect,4,9,True,1.7837091961457363e-14,5.645484080218921e-14,5.642708522657358e-14,6.086797732507421e-14,[0.1],[0.1],False,0.0,0.0,0.09740511426559872,0.7424205075144195,0.8317141354717784,0.42124861716005907,0.42179504921113115,3.267091736066753e-12,6.298225224879518e-15,2.966478355680035e-15,1.015263534462199,1.0019079418077748,112
pathmnist__vit_b_16_imagenet1k_v1__d64__all_reflect,pathmnist__vit_b_16_imagenet1k_v1__d64,pathmnist__vit_b_16_imagenet1k_v1,pathmnist,medical,vit_b_16_imagenet1k_v1,64,all_reflect,9,9,True,1.2580028065424453e-14,1.924849168943865e-14,1.924849168943865e-14,1.8443579996585413e-14,[0.2],[0.3],True,0.00573075430560277,0.003385405183261306,0.20183544291901068,0.784268794230227,0.9720252350784558,0.6720116562642356,0.6143748263648808,6.096022089557106e-13,3.886920330347717e-15,3.162641040359185e-15,1.0298229263746506,1.0074557315936625,103
pathmnist__vit_b_16_imagenet1k_v1__d64__hash_half_reflect,pathmnist__vit_b_16_imagenet1k_v1__d64,pathmnist__vit_b_16_imagenet1k_v1,pathmnist,medical,vit_b_16_imagenet1k_v1,64,hash_half_reflect,2,9,True,9.405628460130433e-15,1.7208456881689926e-14,1.7208456881689926e-14,1.8443579996585413e-14,[0.2],[0.3],True,0.0009306428885648144,0.0008006256923533986,0.03328738708922663,0.784268794230227,0.8010399806180044,0.24405250599349068,0.23974631775967178,1.397238061618751e-13,3.886920330347717e-15,3.162641040359185e-15,1.0298229263746506,1.0074557315936625,103
pathmnist__vit_b_16_imagenet1k_v1__d128__all_reflect,pathmnist__vit_b_16_imagenet1k_v1__d128,pathmnist__vit_b_16_imagenet1k_v1,pathmnist,medical,vit_b_16_imagenet1k_v1,128,all_reflect,9,9,True,2.589479262718489e-14,5.764833055366125e-14,5.764833055366125e-14,3.136380044566067e-14,[0.1],[0.2],True,0.002537666660805793,0.0021667059279164716,0.1998652366496232,0.8295128097848417,0.9956393811497962,0.7364464676080005,0.6379717258032839,1.927039434127299e-12,5.948067741134151e-15,3.685774372077434e-15,1.015263534462199,1.0019079418077748,103
pathmnist__vit_b_16_imagenet1k_v1__d128__hash_half_reflect,pathmnist__vit_b_16_imagenet1k_v1__d128,pathmnist__vit_b_16_imagenet1k_v1,pathmnist,medical,vit_b_16_imagenet1k_v1,128,hash_half_reflect,7,9,True,2.589479262718489e-14,5.764833055366125e-14,5.764833055366125e-14,3.136380044566067e-14,[0.1],[0.3],True,0.007112185422366912,0.00520247748969353,0.16304891350205408,0.8295128097848417,0.9521801179108296,0.6037507219824977,0.5396425612997001,1.9096421703834496e-12,5.948067741134151e-15,3.685774372077434e-15,1.015263534462199,1.0019079418077748,103
