condition_id,dataset_id,encoder_id,projection_dim,tau,balanced_accuracy,accuracy,macro_f1
cifar100__resnet18_imagenet1k_v1__d128,cifar100,resnet18_imagenet1k_v1,128,0.0,0.5615000000000001,0.5615,0.5635363129788572
cifar100__resnet18_imagenet1k_v1__d128,cifar100,resnet18_imagenet1k_v1,128,0.1,0.6113999999999999,0.6114,0.6110437847483753
cifar100__resnet18_imagenet1k_v1__d128,cifar100,resnet18_imagenet1k_v1,128,0.2,0.6275999999999999,0.6276,0.626590165237608
cifar100__resnet18_imagenet1k_v1__d128,cifar100,resnet18_imagenet1k_v1,128,0.3,0.6311,0.6311,0.630105941528341
cifar100__resnet18_imagenet1k_v1__d128,cifar100,resnet18_imagenet1k_v1,128,0.4,0.63,0.63,0.6293345235705949
cifar100__resnet18_imagenet1k_v1__d128,cifar100,resnet18_imagenet1k_v1,128,0.5,0.6259,0.6259,0.6255615467756381
cifar100__resnet18_imagenet1k_v1__d128,cifar100,resnet18_imagenet1k_v1,128,0.6,0.6226999999999999,0.6227,0.6224434597042959
cifar100__resnet18_imagenet1k_v1__d128,cifar100,resnet18_imagenet1k_v1,128,0.7,0.617,0.617,0.6168380846320609
cifar100__resnet18_imagenet1k_v1__d128,cifar100,resnet18_imagenet1k_v1,128,0.8,0.6152,0.6152,0.6149252765053156
cifar100__resnet18_imagenet1k_v1__d128,cifar100,resnet18_imagenet1k_v1,128,0.9,0.6100000000000001,0.61,0.6098690039494858
cifar100__resnet18_imagenet1k_v1__d128,cifar100,resnet18_imagenet1k_v1,128,1.0,0.6035,0.6035,0.6036037791777233
cifar100__resnet18_imagenet1k_v1__d64,cifar100,resnet18_imagenet1k_v1,64,0.0,0.4928999999999999,0.4929,0.4909917631425948
cifar100__resnet18_imagenet1k_v1__d64,cifar100,resnet18_imagenet1k_v1,64,0.1,0.5318,0.5318,0.5295947508269607
cifar100__resnet18_imagenet1k_v1__d64,cifar100,resnet18_imagenet1k_v1,64,0.2,0.5549000000000001,0.5549,0.5519745481291054
cifar100__resnet18_imagenet1k_v1__d64,cifar100,resnet18_imagenet1k_v1,64,0.3,0.5627,0.5627,0.5602422768334872
cifar100__resnet18_imagenet1k_v1__d64,cifar100,resnet18_imagenet1k_v1,64,0.4,0.5652999999999999,0.5653,0.5631804742645159
cifar100__resnet18_imagenet1k_v1__d64,cifar100,resnet18_imagenet1k_v1,64,0.5,0.568,0.568,0.5660060560258874
cifar100__resnet18_imagenet1k_v1__d64,cifar100,resnet18_imagenet1k_v1,64,0.6,0.5668,0.5668,0.5648378911150601
cifar100__resnet18_imagenet1k_v1__d64,cifar100,resnet18_imagenet1k_v1,64,0.7,0.5637,0.5637,0.561668548171984
cifar100__resnet18_imagenet1k_v1__d64,cifar100,resnet18_imagenet1k_v1,64,0.8,0.5601,0.5601,0.5579434107145859
cifar100__resnet18_imagenet1k_v1__d64,cifar100,resnet18_imagenet1k_v1,64,0.9,0.5544,0.5544,0.552482390889841
cifar100__resnet18_imagenet1k_v1__d64,cifar100,resnet18_imagenet1k_v1,64,1.0,0.5504000000000001,0.5504,0.5490423342060563
cifar100__vit_b_16_imagenet1k_v1__d128,cifar100,vit_b_16_imagenet1k_v1,128,0.0,0.7003,0.7003,0.7018297723625949
cifar100__vit_b_16_imagenet1k_v1__d128,cifar100,vit_b_16_imagenet1k_v1,128,0.1,0.7396999999999998,0.7397,0.7400402206390168
cifar100__vit_b_16_imagenet1k_v1__d128,cifar100,vit_b_16_imagenet1k_v1,128,0.2,0.7509999999999999,0.751,0.750303161895275
cifar100__vit_b_16_imagenet1k_v1__d128,cifar100,vit_b_16_imagenet1k_v1,128,0.3,0.7552999999999999,0.7553,0.7543153560657718
cifar100__vit_b_16_imagenet1k_v1__d128,cifar100,vit_b_16_imagenet1k_v1,128,0.4,0.7577000000000002,0.7577,0.756607963703413
cifar100__vit_b_16_imagenet1k_v1__d128,cifar100,vit_b_16_imagenet1k_v1,128,0.5,0.7558000000000001,0.7558,0.7547947568497189
cifar100__vit_b_16_imagenet1k_v1__d128,cifar100,vit_b_16_imagenet1k_v1,128,0.6,0.7518999999999998,0.7519,0.7510126501486211
cifar100__vit_b_16_imagenet1k_v1__d128,cifar100,vit_b_16_imagenet1k_v1,128,0.7,0.7505000000000002,0.7505,0.7501606140041537
cifar100__vit_b_16_imagenet1k_v1__d128,cifar100,vit_b_16_imagenet1k_v1,128,0.8,0.7441999999999999,0.7442,0.7441774635098511
cifar100__vit_b_16_imagenet1k_v1__d128,cifar100,vit_b_16_imagenet1k_v1,128,0.9,0.7384,0.7384,0.739407411697112
cifar100__vit_b_16_imagenet1k_v1__d128,cifar100,vit_b_16_imagenet1k_v1,128,1.0,0.7243999999999999,0.7244,0.7276693972135058
cifar100__vit_b_16_imagenet1k_v1__d64,cifar100,vit_b_16_imagenet1k_v1,64,0.0,0.6363000000000001,0.6363,0.6356976567634007
cifar100__vit_b_16_imagenet1k_v1__d64,cifar100,vit_b_16_imagenet1k_v1,64,0.1,0.6728000000000001,0.6728,0.6716050396207534
cifar100__vit_b_16_imagenet1k_v1__d64,cifar100,vit_b_16_imagenet1k_v1,64,0.2,0.6920000000000001,0.692,0.6904530628511928
cifar100__vit_b_16_imagenet1k_v1__d64,cifar100,vit_b_16_imagenet1k_v1,64,0.3,0.6996999999999999,0.6997,0.6980975271294564
cifar100__vit_b_16_imagenet1k_v1__d64,cifar100,vit_b_16_imagenet1k_v1,64,0.4,0.7051999999999999,0.7052,0.703731992326924
cifar100__vit_b_16_imagenet1k_v1__d64,cifar100,vit_b_16_imagenet1k_v1,64,0.5,0.705,0.705,0.70313811320718
cifar100__vit_b_16_imagenet1k_v1__d64,cifar100,vit_b_16_imagenet1k_v1,64,0.6,0.7038999999999999,0.7039,0.7019749101333155
cifar100__vit_b_16_imagenet1k_v1__d64,cifar100,vit_b_16_imagenet1k_v1,64,0.7,0.701,0.701,0.6992574988387781
cifar100__vit_b_16_imagenet1k_v1__d64,cifar100,vit_b_16_imagenet1k_v1,64,0.8,0.6957999999999999,0.6958,0.6945838012322381
cifar100__vit_b_16_imagenet1k_v1__d64,cifar100,vit_b_16_imagenet1k_v1,64,0.9,0.6916,0.6916,0.6915683286659123
cifar100__vit_b_16_imagenet1k_v1__d64,cifar100,vit_b_16_imagenet1k_v1,64,1.0,0.6844000000000001,0.6844,0.6859485934919983
dermamnist__resnet18_imagenet1k_v1__d128,dermamnist,resnet18_imagenet1k_v1,128,0.0,0.40820366421206405,0.7281795511221946,0.41814080581102736
dermamnist__resnet18_imagenet1k_v1__d128,dermamnist,resnet18_imagenet1k_v1,128,0.1,0.47684691658485523,0.7226932668329177,0.45021624048442976
dermamnist__resnet18_imagenet1k_v1__d128,dermamnist,resnet18_imagenet1k_v1,128,0.2,0.5154808520996601,0.7077306733167082,0.45487294699190356
dermamnist__resnet18_imagenet1k_v1__d128,dermamnist,resnet18_imagenet1k_v1,128,0.3,0.516266756949518,0.6822942643391521,0.4305325122363432
dermamnist__resnet18_imagenet1k_v1__d128,dermamnist,resnet18_imagenet1k_v1,128,0.4,0.509179068304407,0.6448877805486284,0.404275636961914
dermamnist__resnet18_imagenet1k_v1__d128,dermamnist,resnet18_imagenet1k_v1,128,0.5,0.49990166629949784,0.5880299251870325,0.38490692037777974
dermamnist__resnet18_imagenet1k_v1__d128,dermamnist,resnet18_imagenet1k_v1,128,0.6,0.49049400678178084,0.5376558603491272,0.3757469202756929
dermamnist__resnet18_imagenet1k_v1__d128,dermamnist,resnet18_imagenet1k_v1,128,0.7,0.4769503923767937,0.5102244389027432,0.37251678461482907
dermamnist__resnet18_imagenet1k_v1__d128,dermamnist,resnet18_imagenet1k_v1,128,0.8,0.47943549149742104,0.5002493765586035,0.3733143280610314
dermamnist__resnet18_imagenet1k_v1__d128,dermamnist,resnet18_imagenet1k_v1,128,0.9,0.4722345904239618,0.5092269326683292,0.3724435143650119
dermamnist__resnet18_imagenet1k_v1__d128,dermamnist,resnet18_imagenet1k_v1,128,1.0,0.4640916913915367,0.5526184538653367,0.3770445630080227
dermamnist__resnet18_imagenet1k_v1__d64,dermamnist,resnet18_imagenet1k_v1,64,0.0,0.3453209160628594,0.7187032418952618,0.36062290663203384
dermamnist__resnet18_imagenet1k_v1__d64,dermamnist,resnet18_imagenet1k_v1,64,0.1,0.38416936299489307,0.7112219451371571,0.38027266537576515
dermamnist__resnet18_imagenet1k_v1__d64,dermamnist,resnet18_imagenet1k_v1,64,0.2,0.41727348048495166,0.7027431421446384,0.4040322668129916
dermamnist__resnet18_imagenet1k_v1__d64,dermamnist,resnet18_imagenet1k_v1,64,0.3,0.43387154233469516,0.6922693266832918,0.40830992008130157
dermamnist__resnet18_imagenet1k_v1__d64,dermamnist,resnet18_imagenet1k_v1,64,0.4,0.45015054057949994,0.683291770573566,0.413167829847449
dermamnist__resnet18_imagenet1k_v1__d64,dermamnist,resnet18_imagenet1k_v1,64,0.5,0.4516069816575949,0.6688279301745635,0.39046042490698174
dermamnist__resnet18_imagenet1k_v1__d64,dermamnist,resnet18_imagenet1k_v1,64,0.6,0.4564154000460593,0.6309226932668329,0.36731681130878174
dermamnist__resnet18_imagenet1k_v1__d64,dermamnist,resnet18_imagenet1k_v1,64,0.7,0.4494772189431214,0.5880299251870325,0.35273981955938616
dermamnist__resnet18_imagenet1k_v1__d64,dermamnist,resnet18_imagenet1k_v1,64,0.8,0.4260313218271802,0.5461346633416458,0.3394521090909538
dermamnist__resnet18_imagenet1k_v1__d64,dermamnist,resnet18_imagenet1k_v1,64,0.9,0.41940546972833725,0.5236907730673317,0.33195463908802875
dermamnist__resnet18_imagenet1k_v1__d64,dermamnist,resnet18_imagenet1k_v1,64,1.0,0.4098611194694827,0.5316708229426433,0.3303730036349733
dermamnist__vit_b_16_imagenet1k_v1__d128,dermamnist,vit_b_16_imagenet1k_v1,128,0.0,0.4913434509039732,0.7406483790523691,0.4967271492960611
dermamnist__vit_b_16_imagenet1k_v1__d128,dermamnist,vit_b_16_imagenet1k_v1,128,0.1,0.5531732715576468,0.7336658354114713,0.5061730288993878
dermamnist__vit_b_16_imagenet1k_v1__d128,dermamnist,vit_b_16_imagenet1k_v1,128,0.2,0.5585185806854011,0.7236907730673316,0.4939473753033599
dermamnist__vit_b_16_imagenet1k_v1__d128,dermamnist,vit_b_16_imagenet1k_v1,128,0.3,0.5586384046155768,0.7112219451371571,0.4780357483885336
dermamnist__vit_b_16_imagenet1k_v1__d128,dermamnist,vit_b_16_imagenet1k_v1,128,0.4,0.5543352775835327,0.7067331670822943,0.47195194004683716
dermamnist__vit_b_16_imagenet1k_v1__d128,dermamnist,vit_b_16_imagenet1k_v1,128,0.5,0.5607384952201379,0.7027431421446384,0.47438621645221407
dermamnist__vit_b_16_imagenet1k_v1__d128,dermamnist,vit_b_16_imagenet1k_v1,128,0.6,0.5536168758685401,0.6972568578553616,0.4704792428587642
dermamnist__vit_b_16_imagenet1k_v1__d128,dermamnist,vit_b_16_imagenet1k_v1,128,0.7,0.5484874235121732,0.6922693266832918,0.4701700951265315
dermamnist__vit_b_16_imagenet1k_v1__d128,dermamnist,vit_b_16_imagenet1k_v1,128,0.8,0.5393904523141156,0.6957605985037406,0.47407785943697406
dermamnist__vit_b_16_imagenet1k_v1__d128,dermamnist,vit_b_16_imagenet1k_v1,128,0.9,0.5184998691322144,0.6987531172069825,0.47375986507532086
dermamnist__vit_b_16_imagenet1k_v1__d128,dermamnist,vit_b_16_imagenet1k_v1,128,1.0,0.49109000461023256,0.7042394014962593,0.4698024029053661
dermamnist__vit_b_16_imagenet1k_v1__d64,dermamnist,vit_b_16_imagenet1k_v1,64,0.0,0.4415506320531052,0.7316708229426434,0.457651907879182
dermamnist__vit_b_16_imagenet1k_v1__d64,dermamnist,vit_b_16_imagenet1k_v1,64,0.1,0.4844392679086777,0.7221945137157108,0.46893172301328934
dermamnist__vit_b_16_imagenet1k_v1__d64,dermamnist,vit_b_16_imagenet1k_v1,64,0.2,0.5108347497398171,0.7172069825436409,0.48023950542722427
dermamnist__vit_b_16_imagenet1k_v1__d64,dermamnist,vit_b_16_imagenet1k_v1,64,0.3,0.5197314472729933,0.714713216957606,0.47838854317737295
dermamnist__vit_b_16_imagenet1k_v1__d64,dermamnist,vit_b_16_imagenet1k_v1,64,0.4,0.5062171602546084,0.7032418952618454,0.4561620608983333
dermamnist__vit_b_16_imagenet1k_v1__d64,dermamnist,vit_b_16_imagenet1k_v1,64,0.5,0.5043055752696403,0.6982543640897756,0.4499784736140265
dermamnist__vit_b_16_imagenet1k_v1__d64,dermamnist,vit_b_16_imagenet1k_v1,64,0.6,0.5079698261810417,0.6927680798004987,0.44870024864886865
dermamnist__vit_b_16_imagenet1k_v1__d64,dermamnist,vit_b_16_imagenet1k_v1,64,0.7,0.5077574009718087,0.6882793017456359,0.4456118551928144
dermamnist__vit_b_16_imagenet1k_v1__d64,dermamnist,vit_b_16_imagenet1k_v1,64,0.8,0.5099024753608413,0.6882793017456359,0.4489570096508408
dermamnist__vit_b_16_imagenet1k_v1__d64,dermamnist,vit_b_16_imagenet1k_v1,64,0.9,0.5056962227526335,0.685785536159601,0.4478097388082189
dermamnist__vit_b_16_imagenet1k_v1__d64,dermamnist,vit_b_16_imagenet1k_v1,64,1.0,0.4977695702556617,0.687780548628429,0.45464630419607266
eurosat__resnet18_imagenet1k_v1__d128,eurosat,resnet18_imagenet1k_v1,128,0.0,0.8901000000000001,0.894074074074074,0.8906034982161455
eurosat__resnet18_imagenet1k_v1__d128,eurosat,resnet18_imagenet1k_v1,128,0.1,0.9034833333333333,0.9072222222222223,0.9042924854220458
eurosat__resnet18_imagenet1k_v1__d128,eurosat,resnet18_imagenet1k_v1,128,0.2,0.9049999999999999,0.9087037037037037,0.9060877579370343
eurosat__resnet18_imagenet1k_v1__d128,eurosat,resnet18_imagenet1k_v1,128,0.3,0.8997166666666667,0.9038888888888889,0.9014730325696769
eurosat__resnet18_imagenet1k_v1__d128,eurosat,resnet18_imagenet1k_v1,128,0.4,0.8937833333333334,0.8983333333333333,0.8959777873824658
eurosat__resnet18_imagenet1k_v1__d128,eurosat,resnet18_imagenet1k_v1,128,0.5,0.8871833333333333,0.8918518518518519,0.8895424174593707
eurosat__resnet18_imagenet1k_v1__d128,eurosat,resnet18_imagenet1k_v1,128,0.6,0.8800666666666667,0.885,0.8825801014554097
eurosat__resnet18_imagenet1k_v1__d128,eurosat,resnet18_imagenet1k_v1,128,0.7,0.87705,0.8820370370370371,0.8793643348149042
eurosat__resnet18_imagenet1k_v1__d128,eurosat,resnet18_imagenet1k_v1,128,0.8,0.87715,0.8820370370370371,0.8790992532378219
eurosat__resnet18_imagenet1k_v1__d128,eurosat,resnet18_imagenet1k_v1,128,0.9,0.8802166666666666,0.8846296296296297,0.8819136801647749
eurosat__resnet18_imagenet1k_v1__d128,eurosat,resnet18_imagenet1k_v1,128,1.0,0.8840833333333334,0.8875925925925926,0.8845373430997888
eurosat__resnet18_imagenet1k_v1__d64,eurosat,resnet18_imagenet1k_v1,64,0.0,0.8663833333333333,0.8709259259259259,0.8664239691404576
eurosat__resnet18_imagenet1k_v1__d64,eurosat,resnet18_imagenet1k_v1,64,0.1,0.8818166666666667,0.8861111111111111,0.8820453186711952
eurosat__resnet18_imagenet1k_v1__d64,eurosat,resnet18_imagenet1k_v1,64,0.2,0.8832000000000001,0.8875925925925926,0.883587847906749
eurosat__resnet18_imagenet1k_v1__d64,eurosat,resnet18_imagenet1k_v1,64,0.3,0.8829499999999999,0.8874074074074074,0.8834858207078391
eurosat__resnet18_imagenet1k_v1__d64,eurosat,resnet18_imagenet1k_v1,64,0.4,0.8781666666666667,0.882962962962963,0.8789444456920317
eurosat__resnet18_imagenet1k_v1__d64,eurosat,resnet18_imagenet1k_v1,64,0.5,0.8748666666666667,0.8798148148148148,0.875668783408566
eurosat__resnet18_imagenet1k_v1__d64,eurosat,resnet18_imagenet1k_v1,64,0.6,0.8704000000000001,0.8755555555555555,0.871250944166875
eurosat__resnet18_imagenet1k_v1__d64,eurosat,resnet18_imagenet1k_v1,64,0.7,0.8677166666666667,0.8729629629629629,0.8684785798490431
eurosat__resnet18_imagenet1k_v1__d64,eurosat,resnet18_imagenet1k_v1,64,0.8,0.8658333333333333,0.8709259259259259,0.8664485184684436
eurosat__resnet18_imagenet1k_v1__d64,eurosat,resnet18_imagenet1k_v1,64,0.9,0.8649666666666667,0.8696296296296296,0.8650150285080425
eurosat__resnet18_imagenet1k_v1__d64,eurosat,resnet18_imagenet1k_v1,64,1.0,0.8675499999999999,0.8712962962962963,0.8668410555612207
eurosat__vit_b_16_imagenet1k_v1__d128,eurosat,vit_b_16_imagenet1k_v1,128,0.0,0.8977333333333334,0.9012962962962963,0.8981111858950456
eurosat__vit_b_16_imagenet1k_v1__d128,eurosat,vit_b_16_imagenet1k_v1,128,0.1,0.9108833333333333,0.9148148148148149,0.9116371710862387
eurosat__vit_b_16_imagenet1k_v1__d128,eurosat,vit_b_16_imagenet1k_v1,128,0.2,0.9163166666666667,0.9201851851851852,0.9170385058706116
eurosat__vit_b_16_imagenet1k_v1__d128,eurosat,vit_b_16_imagenet1k_v1,128,0.3,0.9123833333333333,0.9162962962962963,0.9133699158656482
eurosat__vit_b_16_imagenet1k_v1__d128,eurosat,vit_b_16_imagenet1k_v1,128,0.4,0.9089166666666667,0.9127777777777778,0.9100073582402886
eurosat__vit_b_16_imagenet1k_v1__d128,eurosat,vit_b_16_imagenet1k_v1,128,0.5,0.9045333333333332,0.9083333333333333,0.9056873798797603
eurosat__vit_b_16_imagenet1k_v1__d128,eurosat,vit_b_16_imagenet1k_v1,128,0.6,0.8990500000000001,0.9027777777777778,0.900248407539013
eurosat__vit_b_16_imagenet1k_v1__d128,eurosat,vit_b_16_imagenet1k_v1,128,0.7,0.8968833333333333,0.9003703703703704,0.8979231645616281
eurosat__vit_b_16_imagenet1k_v1__d128,eurosat,vit_b_16_imagenet1k_v1,128,0.8,0.8965,0.8998148148148148,0.8974987477048758
eurosat__vit_b_16_imagenet1k_v1__d128,eurosat,vit_b_16_imagenet1k_v1,128,0.9,0.8969333333333334,0.8998148148148148,0.8975050505618503
eurosat__vit_b_16_imagenet1k_v1__d128,eurosat,vit_b_16_imagenet1k_v1,128,1.0,0.8969833333333334,0.8992592592592593,0.8970149862961074
eurosat__vit_b_16_imagenet1k_v1__d64,eurosat,vit_b_16_imagenet1k_v1,64,0.0,0.8491666666666667,0.8538888888888889,0.8487872141333928
eurosat__vit_b_16_imagenet1k_v1__d64,eurosat,vit_b_16_imagenet1k_v1,64,0.1,0.8693666666666667,0.8733333333333333,0.8690917371869034
eurosat__vit_b_16_imagenet1k_v1__d64,eurosat,vit_b_16_imagenet1k_v1,64,0.2,0.8786166666666666,0.8824074074074074,0.8784437711897878
eurosat__vit_b_16_imagenet1k_v1__d64,eurosat,vit_b_16_imagenet1k_v1,64,0.3,0.8792833333333334,0.8831481481481481,0.8793978702177047
eurosat__vit_b_16_imagenet1k_v1__d64,eurosat,vit_b_16_imagenet1k_v1,64,0.4,0.8816333333333333,0.8851851851851852,0.8819720865516205
eurosat__vit_b_16_imagenet1k_v1__d64,eurosat,vit_b_16_imagenet1k_v1,64,0.5,0.8802833333333334,0.8840740740740741,0.8807537063886521
eurosat__vit_b_16_imagenet1k_v1__d64,eurosat,vit_b_16_imagenet1k_v1,64,0.6,0.8802166666666666,0.8837037037037037,0.8805731794410298
eurosat__vit_b_16_imagenet1k_v1__d64,eurosat,vit_b_16_imagenet1k_v1,64,0.7,0.87835,0.8818518518518519,0.8786777048976621
eurosat__vit_b_16_imagenet1k_v1__d64,eurosat,vit_b_16_imagenet1k_v1,64,0.8,0.8785333333333334,0.8820370370370371,0.8786536645106399
eurosat__vit_b_16_imagenet1k_v1__d64,eurosat,vit_b_16_imagenet1k_v1,64,0.9,0.8765166666666667,0.8796296296296297,0.876375269944002
eurosat__vit_b_16_imagenet1k_v1__d64,eurosat,vit_b_16_imagenet1k_v1,64,1.0,0.8780833333333333,0.8809259259259259,0.8776638875777024
pathmnist__resnet18_imagenet1k_v1__d128,pathmnist,resnet18_imagenet1k_v1,128,0.0,0.7314196414122848,0.7991643454038997,0.731465046444534
pathmnist__resnet18_imagenet1k_v1__d128,pathmnist,resnet18_imagenet1k_v1,128,0.1,0.7424205075144195,0.8016713091922005,0.7358237568719398
pathmnist__resnet18_imagenet1k_v1__d128,pathmnist,resnet18_imagenet1k_v1,128,0.2,0.7380782448459668,0.791782729805014,0.7248563569985884
pathmnist__resnet18_imagenet1k_v1__d128,pathmnist,resnet18_imagenet1k_v1,128,0.3,0.7278212725961305,0.7768802228412256,0.709122971050686
pathmnist__resnet18_imagenet1k_v1__d128,pathmnist,resnet18_imagenet1k_v1,128,0.4,0.722136400372891,0.7662952646239555,0.6995865170432902
pathmnist__resnet18_imagenet1k_v1__d128,pathmnist,resnet18_imagenet1k_v1,128,0.5,0.7118146984958437,0.7547353760445682,0.6870014105771225
pathmnist__resnet18_imagenet1k_v1__d128,pathmnist,resnet18_imagenet1k_v1,128,0.6,0.7059021372872057,0.7454038997214485,0.6789540500420109
pathmnist__resnet18_imagenet1k_v1__d128,pathmnist,resnet18_imagenet1k_v1,128,0.7,0.699739596814783,0.7373259052924791,0.6720139576331252
pathmnist__resnet18_imagenet1k_v1__d128,pathmnist,resnet18_imagenet1k_v1,128,0.8,0.6948669637081757,0.7317548746518105,0.6668570403264149
pathmnist__resnet18_imagenet1k_v1__d128,pathmnist,resnet18_imagenet1k_v1,128,0.9,0.6924884989248108,0.728690807799443,0.6651580142121504
pathmnist__resnet18_imagenet1k_v1__d128,pathmnist,resnet18_imagenet1k_v1,128,1.0,0.6924359088673396,0.7285515320334262,0.666376096674465
pathmnist__resnet18_imagenet1k_v1__d64,pathmnist,resnet18_imagenet1k_v1,64,0.0,0.7325496799443194,0.7934540389972145,0.7301740167399418
pathmnist__resnet18_imagenet1k_v1__d64,pathmnist,resnet18_imagenet1k_v1,64,0.1,0.7349616657897087,0.7974930362116992,0.7320640582272915
pathmnist__resnet18_imagenet1k_v1__d64,pathmnist,resnet18_imagenet1k_v1,64,0.2,0.7327234271858265,0.7916434540389972,0.7272921987306473
pathmnist__resnet18_imagenet1k_v1__d64,pathmnist,resnet18_imagenet1k_v1,64,0.3,0.7241548009231267,0.781058495821727,0.7162602204483189
pathmnist__resnet18_imagenet1k_v1__d64,pathmnist,resnet18_imagenet1k_v1,64,0.4,0.715943014606502,0.7714484679665738,0.7051748431613731
pathmnist__resnet18_imagenet1k_v1__d64,pathmnist,resnet18_imagenet1k_v1,64,0.5,0.7107262708160361,0.7633704735376045,0.6976526660872955
pathmnist__resnet18_imagenet1k_v1__d64,pathmnist,resnet18_imagenet1k_v1,64,0.6,0.7056402421844382,0.7554317548746519,0.6908525945743209
pathmnist__resnet18_imagenet1k_v1__d64,pathmnist,resnet18_imagenet1k_v1,64,0.7,0.7023621305465227,0.7498607242339833,0.6859387748712966
pathmnist__resnet18_imagenet1k_v1__d64,pathmnist,resnet18_imagenet1k_v1,64,0.8,0.6952788034084069,0.7428969359331477,0.6787443865234207
pathmnist__resnet18_imagenet1k_v1__d64,pathmnist,resnet18_imagenet1k_v1,64,0.9,0.6904266087231032,0.737883008356546,0.6740144684332413
pathmnist__resnet18_imagenet1k_v1__d64,pathmnist,resnet18_imagenet1k_v1,64,1.0,0.6873342522561837,0.7341225626740947,0.6715177599869246
pathmnist__vit_b_16_imagenet1k_v1__d128,pathmnist,vit_b_16_imagenet1k_v1,128,0.0,0.8228345892081541,0.8590529247910863,0.8194423668049672
pathmnist__vit_b_16_imagenet1k_v1__d128,pathmnist,vit_b_16_imagenet1k_v1,128,0.1,0.8295128097848417,0.862116991643454,0.8212382229730255
pathmnist__vit_b_16_imagenet1k_v1__d128,pathmnist,vit_b_16_imagenet1k_v1,128,0.2,0.8146908167555029,0.8459610027855153,0.8015507479025953
pathmnist__vit_b_16_imagenet1k_v1__d128,pathmnist,vit_b_16_imagenet1k_v1,128,0.3,0.8001919043242488,0.8295264623955432,0.784580168957312
pathmnist__vit_b_16_imagenet1k_v1__d128,pathmnist,vit_b_16_imagenet1k_v1,128,0.4,0.7874284472226942,0.8129526462395543,0.7692934251803237
pathmnist__vit_b_16_imagenet1k_v1__d128,pathmnist,vit_b_16_imagenet1k_v1,128,0.5,0.7725713744968559,0.7980501392757661,0.7547071982988851
pathmnist__vit_b_16_imagenet1k_v1__d128,pathmnist,vit_b_16_imagenet1k_v1,128,0.6,0.761796506101606,0.7852367688022284,0.744305627730061
pathmnist__vit_b_16_imagenet1k_v1__d128,pathmnist,vit_b_16_imagenet1k_v1,128,0.7,0.7536969189792635,0.7760445682451254,0.7360733048550515
pathmnist__vit_b_16_imagenet1k_v1__d128,pathmnist,vit_b_16_imagenet1k_v1,128,0.8,0.7525351195709639,0.7749303621169916,0.7352629346290322
pathmnist__vit_b_16_imagenet1k_v1__d128,pathmnist,vit_b_16_imagenet1k_v1,128,0.9,0.7522521604455915,0.7740947075208914,0.7341474651802398
pathmnist__vit_b_16_imagenet1k_v1__d128,pathmnist,vit_b_16_imagenet1k_v1,128,1.0,0.7555610859280327,0.7778551532033426,0.7369872316635828
pathmnist__vit_b_16_imagenet1k_v1__d64,pathmnist,vit_b_16_imagenet1k_v1,64,0.0,0.7663267200262558,0.8089136490250697,0.7580588528857999
pathmnist__vit_b_16_imagenet1k_v1__d64,pathmnist,vit_b_16_imagenet1k_v1,64,0.1,0.7819341674365279,0.8197771587743733,0.7712105371087453
pathmnist__vit_b_16_imagenet1k_v1__d64,pathmnist,vit_b_16_imagenet1k_v1,64,0.2,0.784268794230227,0.8186629526462396,0.7707772226838457
pathmnist__vit_b_16_imagenet1k_v1__d64,pathmnist,vit_b_16_imagenet1k_v1,64,0.3,0.7785380399246242,0.8090529247910864,0.7616475713818962
pathmnist__vit_b_16_imagenet1k_v1__d64,pathmnist,vit_b_16_imagenet1k_v1,64,0.4,0.7698321121700552,0.7984679665738161,0.7509823951225152
pathmnist__vit_b_16_imagenet1k_v1__d64,pathmnist,vit_b_16_imagenet1k_v1,64,0.5,0.7613587794160348,0.787883008356546,0.7408004051435124
pathmnist__vit_b_16_imagenet1k_v1__d64,pathmnist,vit_b_16_imagenet1k_v1,64,0.6,0.7570758136901726,0.7817548746518106,0.7353837342187639
pathmnist__vit_b_16_imagenet1k_v1__d64,pathmnist,vit_b_16_imagenet1k_v1,64,0.7,0.7528156228634877,0.7768802228412256,0.7313947242617193
pathmnist__vit_b_16_imagenet1k_v1__d64,pathmnist,vit_b_16_imagenet1k_v1,64,0.8,0.7524940572229833,0.7753481894150418,0.7311510006941068
pathmnist__vit_b_16_imagenet1k_v1__d64,pathmnist,vit_b_16_imagenet1k_v1,64,0.9,0.7533357845299131,0.7756267409470752,0.7316881878009829
pathmnist__vit_b_16_imagenet1k_v1__d64,pathmnist,vit_b_16_imagenet1k_v1,64,1.0,0.7561217867207247,0.7779944289693593,0.733744173716075
